timeStamp,elapsed,label,responseCode,responseMessage,threadName,dataType,success,failureMessage,bytes,sentBytes,grpThreads,allThreads,Latency,IdleTime,Connect
1551175856141,153,楼盘询量,200,OK,楼盘询量 1-1,text,true,,1152,610,1,1,153,0,40
1551175856295,95,楼盘询量,200,OK,楼盘询量 1-1,text,true,,1152,610,1,1,95,0,0
1551175856390,95,楼盘询量,200,OK,楼盘询量 1-1,text,true,,1152,610,1,1,95,0,0
1551175856485,96,楼盘询量,200,OK,楼盘询量 1-1,text,true,,1152,610,1,1,96,0,0
1551175856582,118,楼盘询量,200,OK,楼盘询量 1-1,text,true,,1152,610,1,1,118,0,0
1551175856701,93,楼盘询量,200,OK,楼盘询量 1-1,text,true,,1152,610,1,1,93,0,0
1551175856795,94,楼盘询量,200,OK,楼盘询量 1-1,text,true,,1152,610,1,1,94,0,0
1551175856890,103,楼盘询量,200,OK,楼盘询量 1-1,text,true,,1152,610,1,1,102,0,0
1551175856994,91,楼盘询量,200,OK,楼盘询量 1-1,text,true,,1152,610,1,1,91,0,0
1551175857086,112,楼盘询量,200,OK,楼盘询量 1-1,text,true,,1152,610,1,1,112,0,0
1551175857199,97,楼盘询量,200,OK,楼盘询量 1-1,text,true,,1152,610,1,1,97,0,0
1551175857297,94,楼盘询量,200,OK,楼盘询量 1-1,text,true,,1152,610,1,1,94,0,0
1551175857392,97,楼盘询量,200,OK,楼盘询量 1-1,text,true,,1152,610,1,1,97,0,0
1551175857490,94,楼盘询量,200,OK,楼盘询量 1-1,text,true,,1152,610,1,1,94,0,0
1551175857584,89,楼盘询量,200,OK,楼盘询量 1-1,text,true,,1152,610,1,1,89,0,0
1551175857674,92,楼盘询量,200,OK,楼盘询量 1-1,text,true,,1152,610,1,1,92,0,0
1551175857767,94,楼盘询量,200,OK,楼盘询量 1-1,text,true,,1152,610,1,1,94,0,0
1551175857862,91,楼盘询量,200,OK,楼盘询量 1-1,text,true,,1152,610,1,1,91,0,0
1551175857954,91,楼盘询量,200,OK,楼盘询量 1-1,text,true,,1152,610,1,1,91,0,0
1551175858045,94,楼盘询量,200,OK,楼盘询量 1-1,text,true,,1152,610,1,1,94,0,0
1551175858139,95,楼盘询量,200,OK,楼盘询量 1-1,text,true,,1152,610,1,1,95,0,0
1551175858234,134,楼盘询量,200,OK,楼盘询量 1-1,text,true,,1152,610,1,1,134,0,41
1551175858369,94,楼盘询量,200,OK,楼盘询量 1-1,text,true,,1152,610,1,1,94,0,0
1551175858464,91,楼盘询量,200,OK,楼盘询量 1-1,text,true,,1152,610,1,1,91,0,0
1551175858556,97,楼盘询量,200,OK,楼盘询量 1-1,text,true,,1152,610,1,1,97,0,0
1551175858653,97,楼盘询量,200,OK,楼盘询量 1-1,text,true,,1152,610,1,1,97,0,0
1551175858750,96,楼盘询量,200,OK,楼盘询量 1-1,text,true,,1152,610,1,1,96,0,0
1551175858847,95,楼盘询量,200,OK,楼盘询量 1-1,text,true,,1152,610,1,1,95,0,0
1551175858943,94,楼盘询量,200,OK,楼盘询量 1-1,text,true,,1152,610,1,1,94,0,0
1551175859037,95,楼盘询量,200,OK,楼盘询量 1-1,text,true,,1152,610,1,1,95,0,0
1551175859133,96,楼盘询量,200,OK,楼盘询量 1-1,text,true,,1152,610,1,1,96,0,0
1551175859230,95,楼盘询量,200,OK,楼盘询量 1-1,text,true,,1152,610,1,1,95,0,0
1551175859324,95,楼盘询量,200,OK,楼盘询量 1-1,text,true,,1152,610,1,1,95,0,0
1551175859420,96,楼盘询量,200,OK,楼盘询量 1-1,text,true,,1152,610,1,1,96,0,0
1551175859516,97,楼盘询量,200,OK,楼盘询量 1-1,text,true,,1152,610,1,1,97,0,0
1551175859613,96,楼盘询量,200,OK,楼盘询量 1-1,text,true,,1152,610,1,1,96,0,0
1551175859710,93,楼盘询量,200,OK,楼盘询量 1-1,text,true,,1152,610,1,1,93,0,0
1551175859803,96,楼盘询量,200,OK,楼盘询量 1-1,text,true,,1152,610,1,1,96,0,0
1551175859901,104,楼盘询量,200,OK,楼盘询量 1-1,text,true,,1152,610,1,1,104,0,0
1551175860006,96,楼盘询量,200,OK,楼盘询量 1-1,text,true,,1152,610,1,1,96,0,0
1551175860102,99,楼盘询量,200,OK,楼盘询量 1-1,text,true,,1152,610,1,1,99,0,0
1551175860201,98,楼盘询量,200,OK,楼盘询量 1-1,text,true,,1152,610,1,1,98,0,0
1551175860299,136,楼盘询量,200,OK,楼盘询量 1-1,text,true,,1152,610,1,1,136,0,40
1551175860436,96,楼盘询量,200,OK,楼盘询量 1-1,text,true,,1152,610,1,1,96,0,0
1551175860533,97,楼盘询量,200,OK,楼盘询量 1-1,text,true,,1152,610,1,1,97,0,0
1551175860631,95,楼盘询量,200,OK,楼盘询量 1-1,text,true,,1152,610,1,1,95,0,0
1551175860726,92,楼盘询量,200,OK,楼盘询量 1-1,text,true,,1152,610,1,1,92,0,0
1551175860819,92,楼盘询量,200,OK,楼盘询量 1-1,text,true,,1152,610,1,1,92,0,0
1551175860912,92,楼盘询量,200,OK,楼盘询量 1-1,text,true,,1152,610,1,1,92,0,0
1551175861004,95,楼盘询量,200,OK,楼盘询量 1-1,text,true,,1152,610,1,1,95,0,0
1551175861099,92,楼盘询量,200,OK,楼盘询量 1-1,text,true,,1152,610,1,1,92,0,0
1551175861191,113,楼盘询量,200,OK,楼盘询量 1-1,text,true,,1152,610,1,1,113,0,0
1551175861305,98,楼盘询量,200,OK,楼盘询量 1-1,text,true,,1152,610,1,1,98,0,0
1551175861404,91,楼盘询量,200,OK,楼盘询量 1-1,text,true,,1152,610,1,1,91,0,0
1551175861495,96,楼盘询量,200,OK,楼盘询量 1-1,text,true,,1152,610,1,1,96,0,0
1551175861592,93,楼盘询量,200,OK,楼盘询量 1-1,text,true,,1152,610,1,1,93,0,0
1551175861686,90,楼盘询量,200,OK,楼盘询量 1-1,text,true,,1152,610,1,1,90,0,0
1551175861777,94,楼盘询量,200,OK,楼盘询量 1-1,text,true,,1152,610,1,1,94,0,0
1551175861872,95,楼盘询量,200,OK,楼盘询量 1-1,text,true,,1152,610,1,1,95,0,0
1551175861968,89,楼盘询量,200,OK,楼盘询量 1-1,text,true,,1152,610,1,1,89,0,0
1551175862058,91,楼盘询量,200,OK,楼盘询量 1-1,text,true,,1152,610,1,1,91,0,0
1551175862150,93,楼盘询量,200,OK,楼盘询量 1-1,text,true,,1152,610,1,1,93,0,0
1551175862246,91,楼盘询量,200,OK,楼盘询量 1-1,text,true,,1152,610,1,1,91,0,0
1551175862339,138,楼盘询量,200,OK,楼盘询量 1-1,text,true,,1152,610,1,1,138,0,41
1551175862478,94,楼盘询量,200,OK,楼盘询量 1-1,text,true,,1152,610,1,1,94,0,0
1551175862573,90,楼盘询量,200,OK,楼盘询量 1-1,text,true,,1152,610,1,1,90,0,0
1551175862664,98,楼盘询量,200,OK,楼盘询量 1-1,text,true,,1152,610,1,1,98,0,0
1551175862763,98,楼盘询量,200,OK,楼盘询量 1-1,text,true,,1152,610,1,1,98,0,0
1551175862861,93,楼盘询量,200,OK,楼盘询量 1-1,text,true,,1152,610,1,1,93,0,0
1551175862955,97,楼盘询量,200,OK,楼盘询量 1-1,text,true,,1152,610,1,1,97,0,0
1551175863052,141,楼盘询量,200,OK,楼盘询量 1-1,text,true,,1152,610,1,1,141,0,0
1551175863194,95,楼盘询量,200,OK,楼盘询量 1-1,text,true,,1152,610,1,1,95,0,0
1551175863290,93,楼盘询量,200,OK,楼盘询量 1-1,text,true,,1152,610,1,1,93,0,0
1551175863384,94,楼盘询量,200,OK,楼盘询量 1-1,text,true,,1152,610,1,1,94,0,0
1551175863478,108,楼盘询量,200,OK,楼盘询量 1-1,text,true,,1152,610,1,1,108,0,0
1551175863586,115,楼盘询量,200,OK,楼盘询量 1-1,text,true,,1152,610,1,1,115,0,0
1551175863702,101,楼盘询量,200,OK,楼盘询量 1-1,text,true,,1152,610,1,1,101,0,0
1551175863804,93,楼盘询量,200,OK,楼盘询量 1-1,text,true,,1152,610,1,1,93,0,0
1551175863898,95,楼盘询量,200,OK,楼盘询量 1-1,text,true,,1152,610,1,1,95,0,0
1551175863994,93,楼盘询量,200,OK,楼盘询量 1-1,text,true,,1152,610,1,1,93,0,0
1551175864088,106,楼盘询量,200,OK,楼盘询量 1-1,text,true,,1152,610,1,1,106,0,0
1551175864195,96,楼盘询量,200,OK,楼盘询量 1-1,text,true,,1152,610,1,1,96,0,0
1551175864291,96,楼盘询量,200,OK,楼盘询量 1-1,text,true,,1152,610,1,1,96,0,0
1551175864387,137,楼盘询量,200,OK,楼盘询量 1-1,text,true,,1152,610,1,1,137,0,42
1551175864525,96,楼盘询量,200,OK,楼盘询量 1-1,text,true,,1152,610,1,1,96,0,0
1551175864622,109,楼盘询量,200,OK,楼盘询量 1-1,text,true,,1152,610,1,1,109,0,0
1551175864732,95,楼盘询量,200,OK,楼盘询量 1-1,text,true,,1152,610,1,1,95,0,0
1551175864828,93,楼盘询量,200,OK,楼盘询量 1-1,text,true,,1152,610,1,1,93,0,0
1551175864922,110,楼盘询量,200,OK,楼盘询量 1-1,text,true,,1152,610,1,1,110,0,0
1551175865032,97,楼盘询量,200,OK,楼盘询量 1-1,text,true,,1152,610,1,1,97,0,0
1551175865130,93,楼盘询量,200,OK,楼盘询量 1-1,text,true,,1152,610,1,1,93,0,0
1551175865223,96,楼盘询量,200,OK,楼盘询量 1-1,text,true,,1152,610,1,1,96,0,0
1551175865319,97,楼盘询量,200,OK,楼盘询量 1-1,text,true,,1152,610,1,1,97,0,0
1551175865417,95,楼盘询量,200,OK,楼盘询量 1-1,text,true,,1152,610,1,1,95,0,0
1551175865513,95,楼盘询量,200,OK,楼盘询量 1-1,text,true,,1152,610,1,1,95,0,0
1551175865608,94,楼盘询量,200,OK,楼盘询量 1-1,text,true,,1152,610,1,1,94,0,0
1551175865704,97,楼盘询量,200,OK,楼盘询量 1-1,text,true,,1152,610,1,1,97,0,0
1551175865802,99,楼盘询量,200,OK,楼盘询量 1-1,text,true,,1152,610,1,1,99,0,0
1551175865901,213,楼盘询量,200,OK,楼盘询量 1-1,text,true,,1152,610,1,1,213,0,0
1551175866117,94,楼盘询量,200,OK,楼盘询量 1-1,text,true,,1152,610,1,1,94,0,0
1551175866212,98,楼盘询量,200,OK,楼盘询量 1-1,text,true,,1152,610,1,1,98,0,0
1551175866311,100,楼盘询量,200,OK,楼盘询量 1-1,text,true,,1152,610,1,1,100,0,0
1551175866413,136,楼盘询量,200,OK,楼盘询量 1-1,text,true,,1152,610,1,1,136,0,39
1551175866549,96,楼盘询量,200,OK,楼盘询量 1-1,text,true,,1152,610,1,1,96,0,0
1551175866646,91,楼盘询量,200,OK,楼盘询量 1-1,text,true,,1152,610,1,1,91,0,0
1551175866738,90,楼盘询量,200,OK,楼盘询量 1-1,text,true,,1152,610,1,1,90,0,0
1551175866829,94,楼盘询量,200,OK,楼盘询量 1-1,text,true,,1152,610,1,1,94,0,0
1551175866924,95,楼盘询量,200,OK,楼盘询量 1-1,text,true,,1152,610,1,1,95,0,0
1551175867022,90,楼盘询量,200,OK,楼盘询量 1-1,text,true,,1152,610,1,1,90,0,0
1551175867113,96,楼盘询量,200,OK,楼盘询量 1-1,text,true,,1152,610,1,1,96,0,0
1551175867210,91,楼盘询量,200,OK,楼盘询量 1-1,text,true,,1152,610,1,1,91,0,0
1551175867301,138,楼盘询量,200,OK,楼盘询量 1-1,text,true,,1152,610,1,1,138,0,0
1551175867440,95,楼盘询量,200,OK,楼盘询量 1-1,text,true,,1152,610,1,1,95,0,0
1551175867536,95,楼盘询量,200,OK,楼盘询量 1-1,text,true,,1152,610,1,1,95,0,0
1551175867631,92,楼盘询量,200,OK,楼盘询量 1-1,text,true,,1152,610,1,1,92,0,0
1551175867724,93,楼盘询量,200,OK,楼盘询量 1-1,text,true,,1152,610,1,1,93,0,0
1551175867818,97,楼盘询量,200,OK,楼盘询量 1-1,text,true,,1152,610,1,1,97,0,0
1551175867916,89,楼盘询量,200,OK,楼盘询量 1-1,text,true,,1152,610,1,1,89,0,0
1551175868006,96,楼盘询量,200,OK,楼盘询量 1-1,text,true,,1152,610,1,1,96,0,0
1551175868103,91,楼盘询量,200,OK,楼盘询量 1-1,text,true,,1152,610,1,1,91,0,0
1551175868195,91,楼盘询量,200,OK,楼盘询量 1-1,text,true,,1152,610,1,1,91,0,0
1551175868287,93,楼盘询量,200,OK,楼盘询量 1-1,text,true,,1152,610,1,1,93,0,0
1551175868381,95,楼盘询量,200,OK,楼盘询量 1-1,text,true,,1152,610,1,1,95,0,0
1551175868476,138,楼盘询量,200,OK,楼盘询量 1-1,text,true,,1152,610,1,1,138,0,41
1551175868615,95,楼盘询量,200,OK,楼盘询量 1-1,text,true,,1152,610,1,1,95,0,0
1551175868711,92,楼盘询量,200,OK,楼盘询量 1-1,text,true,,1152,610,1,1,92,0,0
1551175868803,95,楼盘询量,200,OK,楼盘询量 1-1,text,true,,1152,610,1,1,95,0,0
1551175868899,94,楼盘询量,200,OK,楼盘询量 1-1,text,true,,1152,610,1,1,94,0,0
1551175868994,97,楼盘询量,200,OK,楼盘询量 1-1,text,true,,1152,610,1,1,97,0,0
1551175869091,94,楼盘询量,200,OK,楼盘询量 1-1,text,true,,1152,610,1,1,94,0,0
1551175869186,95,楼盘询量,200,OK,楼盘询量 1-1,text,true,,1152,610,1,1,95,0,0
1551175869282,93,楼盘询量,200,OK,楼盘询量 1-1,text,true,,1152,610,1,1,93,0,0
1551175869377,98,楼盘询量,200,OK,楼盘询量 1-1,text,true,,1152,610,1,1,98,0,0
1551175869475,96,楼盘询量,200,OK,楼盘询量 1-1,text,true,,1152,610,1,1,96,0,0
1551175869572,94,楼盘询量,200,OK,楼盘询量 1-1,text,true,,1152,610,1,1,94,0,0
1551175869667,96,楼盘询量,200,OK,楼盘询量 1-1,text,true,,1152,610,1,1,96,0,0
1551175869765,96,楼盘询量,200,OK,楼盘询量 1-1,text,true,,1152,610,1,1,96,0,0
1551175869862,102,楼盘询量,200,OK,楼盘询量 1-1,text,true,,1152,610,1,1,102,0,0
1551175869965,94,楼盘询量,200,OK,楼盘询量 1-1,text,true,,1152,610,1,1,94,0,0
1551175870060,99,楼盘询量,200,OK,楼盘询量 1-1,text,true,,1152,610,1,1,99,0,0
1551175870159,92,楼盘询量,200,OK,楼盘询量 1-1,text,true,,1152,610,1,1,92,0,0
1551175870252,92,楼盘询量,200,OK,楼盘询量 1-1,text,true,,1152,610,1,1,92,0,0
1551175870345,99,楼盘询量,200,OK,楼盘询量 1-1,text,true,,1152,610,1,1,99,0,0
1551175870444,100,楼盘询量,200,OK,楼盘询量 1-1,text,true,,1152,610,1,1,100,0,0
1551175870544,132,楼盘询量,200,OK,楼盘询量 1-1,text,true,,1152,610,1,1,132,0,39
1551175870677,92,楼盘询量,200,OK,楼盘询量 1-1,text,true,,1152,610,1,1,92,0,0
1551175870770,93,楼盘询量,200,OK,楼盘询量 1-1,text,true,,1152,610,1,1,93,0,0
1551175870864,97,楼盘询量,200,OK,楼盘询量 1-1,text,true,,1152,610,1,1,97,0,0
1551175870962,92,楼盘询量,200,OK,楼盘询量 1-1,text,true,,1152,610,1,1,92,0,0
1551175871054,93,楼盘询量,200,OK,楼盘询量 1-1,text,true,,1152,610,1,1,93,0,0
1551175871149,95,楼盘询量,200,OK,楼盘询量 1-1,text,true,,1152,610,1,1,95,0,0
1551175871245,98,楼盘询量,200,OK,楼盘询量 1-1,text,true,,1152,610,1,1,98,0,0
1551175871343,91,楼盘询量,200,OK,楼盘询量 1-1,text,true,,1152,610,1,1,91,0,0
1551175871435,90,楼盘询量,200,OK,楼盘询量 1-1,text,true,,1152,610,1,1,90,0,0
1551175871525,94,楼盘询量,200,OK,楼盘询量 1-1,text,true,,1152,610,1,1,94,0,0
1551175871620,129,楼盘询量,200,OK,楼盘询量 1-1,text,true,,1152,610,1,1,129,0,0
1551175871750,93,楼盘询量,200,OK,楼盘询量 1-1,text,true,,1152,610,1,1,93,0,0
1551175871843,93,楼盘询量,200,OK,楼盘询量 1-1,text,true,,1152,610,1,1,93,0,0
1551175871937,92,楼盘询量,200,OK,楼盘询量 1-1,text,true,,1152,610,1,1,92,0,0
1551175872031,98,楼盘询量,200,OK,楼盘询量 1-1,text,true,,1152,610,1,1,98,0,0
1551175872130,105,楼盘询量,200,OK,楼盘询量 1-1,text,true,,1152,610,1,1,105,0,0
1551175872236,92,楼盘询量,200,OK,楼盘询量 1-1,text,true,,1152,610,1,1,92,0,0
1551175872328,94,楼盘询量,200,OK,楼盘询量 1-1,text,true,,1152,610,1,1,94,0,0
1551175872423,95,楼盘询量,200,OK,楼盘询量 1-1,text,true,,1152,610,1,1,95,0,0
1551175872519,92,楼盘询量,200,OK,楼盘询量 1-1,text,true,,1152,610,1,1,92,0,0
1551175872611,141,楼盘询量,200,OK,楼盘询量 1-1,text,true,,1152,610,1,1,141,0,41
1551175872753,101,楼盘询量,200,OK,楼盘询量 1-1,text,true,,1152,610,1,1,101,0,0
1551175872856,98,楼盘询量,200,OK,楼盘询量 1-1,text,true,,1152,610,1,1,98,0,0
1551175872957,94,楼盘询量,200,OK,楼盘询量 1-1,text,true,,1152,610,1,1,94,0,0
1551175873052,94,楼盘询量,200,OK,楼盘询量 1-1,text,true,,1152,610,1,1,94,0,0
1551175873147,92,楼盘询量,200,OK,楼盘询量 1-1,text,true,,1152,610,1,1,92,0,0
1551175873240,91,楼盘询量,200,OK,楼盘询量 1-1,text,true,,1152,610,1,1,91,0,0
1551175873332,93,楼盘询量,200,OK,楼盘询量 1-1,text,true,,1152,610,1,1,93,0,0
1551175873425,94,楼盘询量,200,OK,楼盘询量 1-1,text,true,,1152,610,1,1,94,0,0
1551175873520,95,楼盘询量,200,OK,楼盘询量 1-1,text,true,,1152,610,1,1,95,0,0
1551175873615,96,楼盘询量,200,OK,楼盘询量 1-1,text,true,,1152,610,1,1,96,0,0
1551175873712,95,楼盘询量,200,OK,楼盘询量 1-1,text,true,,1152,610,1,1,95,0,0
1551175873807,100,楼盘询量,200,OK,楼盘询量 1-1,text,true,,1152,610,1,1,100,0,0
1551175873907,95,楼盘询量,200,OK,楼盘询量 1-1,text,true,,1152,610,1,1,95,0,0
1551175874003,91,楼盘询量,200,OK,楼盘询量 1-1,text,true,,1152,610,1,1,91,0,0
1551175874094,91,楼盘询量,200,OK,楼盘询量 1-1,text,true,,1152,610,1,1,91,0,0
1551175874185,96,楼盘询量,200,OK,楼盘询量 1-1,text,true,,1152,610,1,1,96,0,0
1551175874281,91,楼盘询量,200,OK,楼盘询量 1-1,text,true,,1152,610,1,1,91,0,0
1551175874372,94,楼盘询量,200,OK,楼盘询量 1-1,text,true,,1152,610,1,1,94,0,0
1551175874467,95,楼盘询量,200,OK,楼盘询量 1-1,text,true,,1152,610,1,1,95,0,0
1551175874564,96,楼盘询量,200,OK,楼盘询量 1-1,text,true,,1152,610,1,1,96,0,0
1551175874661,135,楼盘询量,200,OK,楼盘询量 1-1,text,true,,1152,610,1,1,135,0,40
1551175874797,121,楼盘询量,200,OK,楼盘询量 1-1,text,true,,1152,610,1,1,121,0,0
1551175874919,90,楼盘询量,200,OK,楼盘询量 1-1,text,true,,1152,610,1,1,90,0,0
1551175875011,95,楼盘询量,200,OK,楼盘询量 1-1,text,true,,1152,610,1,1,95,0,0
1551175875107,95,楼盘询量,200,OK,楼盘询量 1-1,text,true,,1152,610,1,1,95,0,0
1551175875203,93,楼盘询量,200,OK,楼盘询量 1-1,text,true,,1152,610,1,1,93,0,0
1551175875297,91,楼盘询量,200,OK,楼盘询量 1-1,text,true,,1152,610,1,1,91,0,0
1551175875389,94,楼盘询量,200,OK,楼盘询量 1-1,text,true,,1152,610,1,1,94,0,0
1551175875484,89,楼盘询量,200,OK,楼盘询量 1-1,text,true,,1152,610,1,1,89,0,0
1551175875574,93,楼盘询量,200,OK,楼盘询量 1-1,text,true,,1152,610,1,1,93,0,0
1551175875669,93,楼盘询量,200,OK,楼盘询量 1-1,text,true,,1152,610,1,1,93,0,0
1551175875762,96,楼盘询量,200,OK,楼盘询量 1-1,text,true,,1152,610,1,1,96,0,0
1551175875858,98,楼盘询量,200,OK,楼盘询量 1-1,text,true,,1152,610,1,1,98,0,0
1551175875957,97,楼盘询量,200,OK,楼盘询量 1-1,text,true,,1152,610,1,1,97,0,0
1551175876056,131,楼盘询量,200,OK,楼盘询量 1-1,text,true,,1152,610,1,1,131,0,0
1551175876188,96,楼盘询量,200,OK,楼盘询量 1-1,text,true,,1152,610,1,1,96,0,0
1551175876284,93,楼盘询量,200,OK,楼盘询量 1-1,text,true,,1152,610,1,1,93,0,0
1551175876378,93,楼盘询量,200,OK,楼盘询量 1-1,text,true,,1152,610,1,1,93,0,0
1551175876472,93,楼盘询量,200,OK,楼盘询量 1-1,text,true,,1152,610,1,1,93,0,0
1551175876567,90,楼盘询量,200,OK,楼盘询量 1-1,text,true,,1152,610,1,1,90,0,0
1551175876657,94,楼盘询量,200,OK,楼盘询量 1-1,text,true,,1152,610,1,1,94,0,0
1551175876753,148,楼盘询量,200,OK,楼盘询量 1-1,text,true,,1152,610,1,1,148,0,40
1551175876901,97,楼盘询量,200,OK,楼盘询量 1-1,text,true,,1152,610,1,1,97,0,0
1551175876998,90,楼盘询量,200,OK,楼盘询量 1-1,text,true,,1152,610,1,1,90,0,0
1551175877088,97,楼盘询量,200,OK,楼盘询量 1-1,text,true,,1152,610,1,1,97,0,0
1551175877185,100,楼盘询量,200,OK,楼盘询量 1-1,text,true,,1152,610,1,1,100,0,0
1551175877286,94,楼盘询量,200,OK,楼盘询量 1-1,text,true,,1152,610,1,1,94,0,0
1551175877381,98,楼盘询量,200,OK,楼盘询量 1-1,text,true,,1152,610,1,1,98,0,0
1551175877480,91,楼盘询量,200,OK,楼盘询量 1-1,text,true,,1152,610,1,1,91,0,0
1551175877572,93,楼盘询量,200,OK,楼盘询量 1-1,text,true,,1152,610,1,1,93,0,0
1551175877666,95,楼盘询量,200,OK,楼盘询量 1-1,text,true,,1152,610,1,1,95,0,0
1551175877762,92,楼盘询量,200,OK,楼盘询量 1-1,text,true,,1152,610,1,1,92,0,0
1551175877855,95,楼盘询量,200,OK,楼盘询量 1-1,text,true,,1152,610,1,1,95,0,0
1551175877950,100,楼盘询量,200,OK,楼盘询量 1-1,text,true,,1152,610,1,1,100,0,0
1551175878050,93,楼盘询量,200,OK,楼盘询量 1-1,text,true,,1152,610,1,1,93,0,0
1551175878144,93,楼盘询量,200,OK,楼盘询量 1-1,text,true,,1152,610,1,1,93,0,0
1551175878237,95,楼盘询量,200,OK,楼盘询量 1-1,text,true,,1152,610,1,1,95,0,0
1551175878332,88,楼盘询量,200,OK,楼盘询量 1-1,text,true,,1152,610,1,1,88,0,0
1551175878421,90,楼盘询量,200,OK,楼盘询量 1-1,text,true,,1152,610,1,1,90,0,0
1551175878512,94,楼盘询量,200,OK,楼盘询量 1-1,text,true,,1152,610,1,1,94,0,0
1551175878606,134,楼盘询量,200,OK,楼盘询量 1-1,text,true,,1152,610,1,1,134,0,0
1551175878741,91,楼盘询量,200,OK,楼盘询量 1-1,text,true,,1152,610,1,1,91,0,0
1551175878833,154,楼盘询量,200,OK,楼盘询量 1-1,text,true,,1152,610,1,1,154,0,39
1551175878988,93,楼盘询量,200,OK,楼盘询量 1-1,text,true,,1152,610,1,1,93,0,0
1551175879082,91,楼盘询量,200,OK,楼盘询量 1-1,text,true,,1152,610,1,1,91,0,0
1551175879173,94,楼盘询量,200,OK,楼盘询量 1-1,text,true,,1152,610,1,1,94,0,0
1551175879267,89,楼盘询量,200,OK,楼盘询量 1-1,text,true,,1152,610,1,1,89,0,0
1551175879358,123,楼盘询量,200,OK,楼盘询量 1-1,text,true,,1152,610,1,1,123,0,0
1551175879482,97,楼盘询量,200,OK,楼盘询量 1-1,text,true,,1152,610,1,1,97,0,0
1551175879579,94,楼盘询量,200,OK,楼盘询量 1-1,text,true,,1152,610,1,1,94,0,0
1551175879673,94,楼盘询量,200,OK,楼盘询量 1-1,text,true,,1152,610,1,1,94,0,0
1551175879768,119,楼盘询量,200,OK,楼盘询量 1-1,text,true,,1152,610,1,1,119,0,0
1551175879887,110,楼盘询量,200,OK,楼盘询量 1-1,text,true,,1152,610,1,1,110,0,0
1551175879997,91,楼盘询量,200,OK,楼盘询量 1-1,text,true,,1152,610,1,1,91,0,0
1551175880089,93,楼盘询量,200,OK,楼盘询量 1-1,text,true,,1152,610,1,1,93,0,0
1551175880182,88,楼盘询量,200,OK,楼盘询量 1-1,text,true,,1152,610,1,1,88,0,0
1551175880270,93,楼盘询量,200,OK,楼盘询量 1-1,text,true,,1152,610,1,1,93,0,0
1551175880363,92,楼盘询量,200,OK,楼盘询量 1-1,text,true,,1152,610,1,1,92,0,0
1551175880456,89,楼盘询量,200,OK,楼盘询量 1-1,text,true,,1152,610,1,1,89,0,0
1551175880546,98,楼盘询量,200,OK,楼盘询量 1-1,text,true,,1152,610,1,1,98,0,0
1551175880645,104,楼盘询量,200,OK,楼盘询量 1-1,text,true,,1152,610,1,1,104,0,0
1551175880750,91,楼盘询量,200,OK,楼盘询量 1-1,text,true,,1152,610,1,1,91,0,0
1551175880842,135,楼盘询量,200,OK,楼盘询量 1-1,text,true,,1152,610,1,1,135,0,41
1551175880978,94,楼盘询量,200,OK,楼盘询量 1-1,text,true,,1152,610,1,1,94,0,0
1551175881073,171,楼盘询量,200,OK,楼盘询量 1-1,text,true,,1152,610,1,1,171,0,0
1551175881245,94,楼盘询量,200,OK,楼盘询量 1-1,text,true,,1152,610,1,1,94,0,0
1551175881340,94,楼盘询量,200,OK,楼盘询量 1-1,text,true,,1152,610,1,1,94,0,0
1551175881434,91,楼盘询量,200,OK,楼盘询量 1-1,text,true,,1152,610,1,1,91,0,0
1551175881525,98,楼盘询量,200,OK,楼盘询量 1-1,text,true,,1152,610,1,1,98,0,0
1551175881624,94,楼盘询量,200,OK,楼盘询量 1-1,text,true,,1152,610,1,1,94,0,0
1551175881719,91,楼盘询量,200,OK,楼盘询量 1-1,text,true,,1152,610,1,1,91,0,0
1551175881811,93,楼盘询量,200,OK,楼盘询量 1-1,text,true,,1152,610,1,1,93,0,0
1551175881905,94,楼盘询量,200,OK,楼盘询量 1-1,text,true,,1152,610,1,1,94,0,0
1551175882000,95,楼盘询量,200,OK,楼盘询量 1-1,text,true,,1152,610,1,1,95,0,0
1551175882095,98,楼盘询量,200,OK,楼盘询量 1-1,text,true,,1152,610,1,1,98,0,0
1551175882193,98,楼盘询量,200,OK,楼盘询量 1-1,text,true,,1152,610,1,1,98,0,0
1551175882292,94,楼盘询量,200,OK,楼盘询量 1-1,text,true,,1152,610,1,1,94,0,0
1551175882386,92,楼盘询量,200,OK,楼盘询量 1-1,text,true,,1152,610,1,1,92,0,0
1551175882480,95,楼盘询量,200,OK,楼盘询量 1-1,text,true,,1152,610,1,1,95,0,0
1551175882576,90,楼盘询量,200,OK,楼盘询量 1-1,text,true,,1152,610,1,1,90,0,0
1551175882667,91,楼盘询量,200,OK,楼盘询量 1-1,text,true,,1152,610,1,1,91,0,0
1551175882759,95,楼盘询量,200,OK,楼盘询量 1-1,text,true,,1152,610,1,1,95,0,0
1551175882855,166,楼盘询量,200,OK,楼盘询量 1-1,text,true,,1152,610,1,1,166,0,41
1551175883022,92,楼盘询量,200,OK,楼盘询量 1-1,text,true,,1152,610,1,1,92,0,0
1551175883115,100,楼盘询量,200,OK,楼盘询量 1-1,text,true,,1152,610,1,1,100,0,0
1551175883215,92,楼盘询量,200,OK,楼盘询量 1-1,text,true,,1152,610,1,1,92,0,0
1551175883307,94,楼盘询量,200,OK,楼盘询量 1-1,text,true,,1152,610,1,1,94,0,0
1551175883401,95,楼盘询量,200,OK,楼盘询量 1-1,text,true,,1152,610,1,1,95,0,0
1551175883496,90,楼盘询量,200,OK,楼盘询量 1-1,text,true,,1152,610,1,1,90,0,0
1551175883586,93,楼盘询量,200,OK,楼盘询量 1-1,text,true,,1152,610,1,1,93,0,0
1551175883679,95,楼盘询量,200,OK,楼盘询量 1-1,text,true,,1152,610,1,1,95,0,0
1551175883774,93,楼盘询量,200,OK,楼盘询量 1-1,text,true,,1152,610,1,1,93,0,0
1551175883873,95,楼盘询量,200,OK,楼盘询量 1-1,text,true,,1152,610,1,1,95,0,0
1551175883969,96,楼盘询量,200,OK,楼盘询量 1-1,text,true,,1152,610,1,1,96,0,0
1551175884066,93,楼盘询量,200,OK,楼盘询量 1-1,text,true,,1152,610,1,1,93,0,0
1551175884160,93,楼盘询量,200,OK,楼盘询量 1-1,text,true,,1152,610,1,1,93,0,0
1551175884254,120,楼盘询量,200,OK,楼盘询量 1-1,text,true,,1152,610,1,1,120,0,0
1551175884374,92,楼盘询量,200,OK,楼盘询量 1-1,text,true,,1152,610,1,1,92,0,0
1551175884467,91,楼盘询量,200,OK,楼盘询量 1-1,text,true,,1152,610,1,1,91,0,0
1551175884558,96,楼盘询量,200,OK,楼盘询量 1-1,text,true,,1152,610,1,1,96,0,0
1551175884654,98,楼盘询量,200,OK,楼盘询量 1-1,text,true,,1152,610,1,1,98,0,0
1551175884752,97,楼盘询量,200,OK,楼盘询量 1-1,text,true,,1152,610,1,1,97,0,0
1551175884850,94,楼盘询量,200,OK,楼盘询量 1-1,text,true,,1152,610,1,1,94,0,0
1551175884945,138,楼盘询量,200,OK,楼盘询量 1-1,text,true,,1152,610,1,1,138,0,41
1551175885084,146,楼盘询量,200,OK,楼盘询量 1-1,text,true,,1152,610,1,1,146,0,0
1551175885230,95,楼盘询量,200,OK,楼盘询量 1-1,text,true,,1152,610,1,1,95,0,0
1551175885326,97,楼盘询量,200,OK,楼盘询量 1-1,text,true,,1152,610,1,1,97,0,0
1551175885424,93,楼盘询量,200,OK,楼盘询量 1-1,text,true,,1152,610,1,1,93,0,0
1551175885518,101,楼盘询量,200,OK,楼盘询量 1-1,text,true,,1152,610,1,1,101,0,0
1551175885619,92,楼盘询量,200,OK,楼盘询量 1-1,text,true,,1152,610,1,1,92,0,0
1551175885712,94,楼盘询量,200,OK,楼盘询量 1-1,text,true,,1152,610,1,1,94,0,0
1551175885807,99,楼盘询量,200,OK,楼盘询量 1-1,text,true,,1152,610,1,1,99,0,0
1551175885908,95,楼盘询量,200,OK,楼盘询量 1-1,text,true,,1152,610,1,1,95,0,0
1551175886003,96,楼盘询量,200,OK,楼盘询量 1-1,text,true,,1152,610,1,1,96,0,0
1551175886100,101,楼盘询量,200,OK,楼盘询量 1-1,text,true,,1152,610,1,1,101,0,0
1551175886202,96,楼盘询量,200,OK,楼盘询量 1-1,text,true,,1152,610,1,1,96,0,0
1551175886298,98,楼盘询量,200,OK,楼盘询量 1-1,text,true,,1152,610,1,1,98,0,0
1551175886397,93,楼盘询量,200,OK,楼盘询量 1-1,text,true,,1152,610,1,1,93,0,0
1551175886491,92,楼盘询量,200,OK,楼盘询量 1-1,text,true,,1152,610,1,1,92,0,0
1551175886583,98,楼盘询量,200,OK,楼盘询量 1-1,text,true,,1152,610,1,1,98,0,0
1551175886683,96,楼盘询量,200,OK,楼盘询量 1-1,text,true,,1152,610,1,1,96,0,0
1551175886779,91,楼盘询量,200,OK,楼盘询量 1-1,text,true,,1152,610,1,1,91,0,0
1551175886870,109,楼盘询量,200,OK,楼盘询量 1-1,text,true,,1152,610,1,1,109,0,0
1551175886980,150,楼盘询量,200,OK,楼盘询量 1-1,text,true,,1152,610,1,1,150,0,41
1551175887131,92,楼盘询量,200,OK,楼盘询量 1-1,text,true,,1152,610,1,1,92,0,0
1551175887223,96,楼盘询量,200,OK,楼盘询量 1-1,text,true,,1152,610,1,1,96,0,0
1551175887320,93,楼盘询量,200,OK,楼盘询量 1-1,text,true,,1152,610,1,1,93,0,0
1551175887414,94,楼盘询量,200,OK,楼盘询量 1-1,text,true,,1152,610,1,1,94,0,0
1551175887508,122,楼盘询量,200,OK,楼盘询量 1-1,text,true,,1152,610,1,1,122,0,0
1551175887630,97,楼盘询量,200,OK,楼盘询量 1-1,text,true,,1152,610,1,1,97,0,0
1551175887728,92,楼盘询量,200,OK,楼盘询量 1-1,text,true,,1152,610,1,1,92,0,0
1551175887821,95,楼盘询量,200,OK,楼盘询量 1-1,text,true,,1152,610,1,1,95,0,0
1551175887916,93,楼盘询量,200,OK,楼盘询量 1-1,text,true,,1152,610,1,1,93,0,0
1551175888010,91,楼盘询量,200,OK,楼盘询量 1-1,text,true,,1152,610,1,1,91,0,0
1551175888102,96,楼盘询量,200,OK,楼盘询量 1-1,text,true,,1152,610,1,1,96,0,0
1551175888200,92,楼盘询量,200,OK,楼盘询量 1-1,text,true,,1152,610,1,1,92,0,0
1551175888292,89,楼盘询量,200,OK,楼盘询量 1-1,text,true,,1152,610,1,1,89,0,0
1551175888382,93,楼盘询量,200,OK,楼盘询量 1-1,text,true,,1152,610,1,1,93,0,0
1551175888477,91,楼盘询量,200,OK,楼盘询量 1-1,text,true,,1152,610,1,1,91,0,0
1551175888569,90,楼盘询量,200,OK,楼盘询量 1-1,text,true,,1152,610,1,1,90,0,0
1551175888660,103,楼盘询量,200,OK,楼盘询量 1-1,text,true,,1152,610,1,1,103,0,0
1551175888764,92,楼盘询量,200,OK,楼盘询量 1-1,text,true,,1152,610,1,1,92,0,0
1551175888857,93,楼盘询量,200,OK,楼盘询量 1-1,text,true,,1152,610,1,1,93,0,0
1551175888950,94,楼盘询量,200,OK,楼盘询量 1-1,text,true,,1152,610,1,1,94,0,0
1551175889044,132,楼盘询量,200,OK,楼盘询量 1-1,text,true,,1152,610,1,1,132,0,39
1551175889177,88,楼盘询量,200,OK,楼盘询量 1-1,text,true,,1152,610,1,1,88,0,0
1551175889266,92,楼盘询量,200,OK,楼盘询量 1-1,text,true,,1152,610,1,1,92,0,0
1551175889359,92,楼盘询量,200,OK,楼盘询量 1-1,text,true,,1152,610,1,1,92,0,0
1551175889451,89,楼盘询量,200,OK,楼盘询量 1-1,text,true,,1152,610,1,1,89,0,0
1551175889541,96,楼盘询量,200,OK,楼盘询量 1-1,text,true,,1152,610,1,1,96,0,0
1551175889637,94,楼盘询量,200,OK,楼盘询量 1-1,text,true,,1152,610,1,1,94,0,0
1551175889731,88,楼盘询量,200,OK,楼盘询量 1-1,text,true,,1152,610,1,1,88,0,0
1551175889820,92,楼盘询量,200,OK,楼盘询量 1-1,text,true,,1152,610,1,1,92,0,0
1551175889912,96,楼盘询量,200,OK,楼盘询量 1-1,text,true,,1152,610,1,1,96,0,0
1551175890009,88,楼盘询量,200,OK,楼盘询量 1-1,text,true,,1152,610,1,1,88,0,0
1551175890098,91,楼盘询量,200,OK,楼盘询量 1-1,text,true,,1152,610,1,1,91,0,0
1551175890190,92,楼盘询量,200,OK,楼盘询量 1-1,text,true,,1152,610,1,1,92,0,0
1551175890282,90,楼盘询量,200,OK,楼盘询量 1-1,text,true,,1152,610,1,1,90,0,0
1551175890372,92,楼盘询量,200,OK,楼盘询量 1-1,text,true,,1152,610,1,1,92,0,0
1551175890464,90,楼盘询量,200,OK,楼盘询量 1-1,text,true,,1152,610,1,1,90,0,0
1551175890555,92,楼盘询量,200,OK,楼盘询量 1-1,text,true,,1152,610,1,1,92,0,0
1551175890648,92,楼盘询量,200,OK,楼盘询量 1-1,text,true,,1152,610,1,1,92,0,0
1551175890741,92,楼盘询量,200,OK,楼盘询量 1-1,text,true,,1152,610,1,1,92,0,0
1551175890833,89,楼盘询量,200,OK,楼盘询量 1-1,text,true,,1152,610,1,1,89,0,0
1551175890922,92,楼盘询量,200,OK,楼盘询量 1-1,text,true,,1152,610,1,1,92,0,0
1551175891014,91,楼盘询量,200,OK,楼盘询量 1-1,text,true,,1152,610,1,1,91,0,0
1551175891105,130,楼盘询量,200,OK,楼盘询量 1-1,text,true,,1152,610,1,1,130,0,40
1551175891235,95,楼盘询量,200,OK,楼盘询量 1-1,text,true,,1152,610,1,1,95,0,0
1551175891331,93,楼盘询量,200,OK,楼盘询量 1-1,text,true,,1152,610,1,1,93,0,0
1551175891425,107,楼盘询量,200,OK,楼盘询量 1-1,text,true,,1152,610,1,1,107,0,0
1551175891533,94,楼盘询量,200,OK,楼盘询量 1-1,text,true,,1152,610,1,1,94,0,0
1551175891628,97,楼盘询量,200,OK,楼盘询量 1-1,text,true,,1152,610,1,1,97,0,0
1551175891726,125,楼盘询量,200,OK,楼盘询量 1-1,text,true,,1152,610,1,1,125,0,0
1551175891852,96,楼盘询量,200,OK,楼盘询量 1-1,text,true,,1152,610,1,1,96,0,0
1551175891949,95,楼盘询量,200,OK,楼盘询量 1-1,text,true,,1152,610,1,1,95,0,0
1551175892045,92,楼盘询量,200,OK,楼盘询量 1-1,text,true,,1152,610,1,1,92,0,0
1551175892138,113,楼盘询量,200,OK,楼盘询量 1-1,text,true,,1152,610,1,1,113,0,0
1551175892254,93,楼盘询量,200,OK,楼盘询量 1-1,text,true,,1152,610,1,1,93,0,0
1551175892347,90,楼盘询量,200,OK,楼盘询量 1-1,text,true,,1152,610,1,1,90,0,0
1551175892438,92,楼盘询量,200,OK,楼盘询量 1-1,text,true,,1152,610,1,1,92,0,0
1551175892531,94,楼盘询量,200,OK,楼盘询量 1-1,text,true,,1152,610,1,1,94,0,0
1551175892625,92,楼盘询量,200,OK,楼盘询量 1-1,text,true,,1152,610,1,1,92,0,0
1551175892717,93,楼盘询量,200,OK,楼盘询量 1-1,text,true,,1152,610,1,1,93,0,0
1551175892810,95,楼盘询量,200,OK,楼盘询量 1-1,text,true,,1152,610,1,1,95,0,0
1551175892906,92,楼盘询量,200,OK,楼盘询量 1-1,text,true,,1152,610,1,1,92,0,0
1551175892999,91,楼盘询量,200,OK,楼盘询量 1-1,text,true,,1152,610,1,1,91,0,0
1551175893091,91,楼盘询量,200,OK,楼盘询量 1-1,text,true,,1152,610,1,1,91,0,0
1551175893184,130,楼盘询量,200,OK,楼盘询量 1-1,text,true,,1152,610,1,1,130,0,41
1551175893315,94,楼盘询量,200,OK,楼盘询量 1-1,text,true,,1152,610,1,1,94,0,0
1551175893410,93,楼盘询量,200,OK,楼盘询量 1-1,text,true,,1152,610,1,1,93,0,0
1551175893504,89,楼盘询量,200,OK,楼盘询量 1-1,text,true,,1152,610,1,1,89,0,0
1551175893593,92,楼盘询量,200,OK,楼盘询量 1-1,text,true,,1152,610,1,1,92,0,0
1551175893686,92,楼盘询量,200,OK,楼盘询量 1-1,text,true,,1152,610,1,1,92,0,0
1551175893779,92,楼盘询量,200,OK,楼盘询量 1-1,text,true,,1152,610,1,1,92,0,0
1551175893871,95,楼盘询量,200,OK,楼盘询量 1-1,text,true,,1152,610,1,1,95,0,0
1551175893967,91,楼盘询量,200,OK,楼盘询量 1-1,text,true,,1152,610,1,1,91,0,0
1551175894058,90,楼盘询量,200,OK,楼盘询量 1-1,text,true,,1152,610,1,1,90,0,0
1551175894150,180,楼盘询量,200,OK,楼盘询量 1-1,text,true,,1152,610,1,1,180,0,0
1551175894332,95,楼盘询量,200,OK,楼盘询量 1-1,text,true,,1152,610,1,1,95,0,0
1551175894427,104,楼盘询量,200,OK,楼盘询量 1-1,text,true,,1152,610,1,1,104,0,0
1551175894532,94,楼盘询量,200,OK,楼盘询量 1-1,text,true,,1152,610,1,1,94,0,0
1551175894627,89,楼盘询量,200,OK,楼盘询量 1-1,text,true,,1152,610,1,1,89,0,0
1551175894717,89,楼盘询量,200,OK,楼盘询量 1-1,text,true,,1152,610,1,1,89,0,0
1551175894808,96,楼盘询量,200,OK,楼盘询量 1-1,text,true,,1152,610,1,1,96,0,0
1551175894905,98,楼盘询量,200,OK,楼盘询量 1-1,text,true,,1152,610,1,1,98,0,0
1551175895004,90,楼盘询量,200,OK,楼盘询量 1-1,text,true,,1152,610,1,1,90,0,0
1551175895095,94,楼盘询量,200,OK,楼盘询量 1-1,text,true,,1152,610,1,1,94,0,0
1551175895189,133,楼盘询量,200,OK,楼盘询量 1-1,text,true,,1152,610,1,1,133,0,40
1551175895323,90,楼盘询量,200,OK,楼盘询量 1-1,text,true,,1152,610,1,1,90,0,0
1551175895415,93,楼盘询量,200,OK,楼盘询量 1-1,text,true,,1152,610,1,1,93,0,0
1551175895508,95,楼盘询量,200,OK,楼盘询量 1-1,text,true,,1152,610,1,1,95,0,0
1551175895604,91,楼盘询量,200,OK,楼盘询量 1-1,text,true,,1152,610,1,1,91,0,0
1551175895695,92,楼盘询量,200,OK,楼盘询量 1-1,text,true,,1152,610,1,1,92,0,0
1551175895788,112,楼盘询量,200,OK,楼盘询量 1-1,text,true,,1152,610,1,1,112,0,0
1551175895905,215,楼盘询量,200,OK,楼盘询量 1-1,text,true,,1152,610,1,1,215,0,0
1551175896120,14557,楼盘询量,200,OK,楼盘询量 1-1,text,true,,1152,610,1,1,14557,0,0
1551175910676,5106,楼盘询量,200,OK,楼盘询量 1-1,text,true,,1152,610,1,1,5106,0,40
1551175915784,5108,楼盘询量,200,OK,楼盘询量 1-1,text,true,,1152,610,1,1,5108,0,41
1551175920893,3386,楼盘询量,200,OK,楼盘询量 1-1,text,true,,1152,610,1,1,3386,0,40
1551175924280,132,楼盘询量,200,OK,楼盘询量 1-1,text,true,,1152,610,1,1,132,0,40
1551175924411,92,楼盘询量,200,OK,楼盘询量 1-1,text,true,,1152,610,1,1,92,0,0
1551175924504,98,楼盘询量,200,OK,楼盘询量 1-1,text,true,,1152,610,1,1,98,0,0
1551175924602,98,楼盘询量,200,OK,楼盘询量 1-1,text,true,,1152,610,1,1,98,0,0
1551175924700,96,楼盘询量,200,OK,楼盘询量 1-1,text,true,,1152,610,1,1,96,0,0
1551175924796,134,楼盘询量,200,OK,楼盘询量 1-1,text,true,,1152,610,1,1,134,0,0
1551175924931,91,楼盘询量,200,OK,楼盘询量 1-1,text,true,,1152,610,1,1,91,0,0
1551175925023,94,楼盘询量,200,OK,楼盘询量 1-1,text,true,,1152,610,1,1,94,0,0
1551175925118,96,楼盘询量,200,OK,楼盘询量 1-1,text,true,,1152,610,1,1,96,0,0
1551175925214,91,楼盘询量,200,OK,楼盘询量 1-1,text,true,,1152,610,1,1,91,0,0
1551175925306,92,楼盘询量,200,OK,楼盘询量 1-1,text,true,,1152,610,1,1,92,0,0
1551175925399,100,楼盘询量,200,OK,楼盘询量 1-1,text,true,,1152,610,1,1,100,0,0
1551175925500,91,楼盘询量,200,OK,楼盘询量 1-1,text,true,,1152,610,1,1,91,0,0
1551175925592,95,楼盘询量,200,OK,楼盘询量 1-1,text,true,,1152,610,1,1,95,0,0
1551175925688,104,楼盘询量,200,OK,楼盘询量 1-1,text,true,,1152,610,1,1,104,0,0
1551175925792,93,楼盘询量,200,OK,楼盘询量 1-1,text,true,,1152,610,1,1,93,0,0
1551175925886,93,楼盘询量,200,OK,楼盘询量 1-1,text,true,,1152,610,1,1,93,0,0
1551175925983,100,楼盘询量,200,OK,楼盘询量 1-1,text,true,,1152,610,1,1,100,0,0
1551175926084,91,楼盘询量,200,OK,楼盘询量 1-1,text,true,,1152,610,1,1,91,0,0
1551175926176,94,楼盘询量,200,OK,楼盘询量 1-1,text,true,,1152,610,1,1,94,0,0
1551175926270,96,楼盘询量,200,OK,楼盘询量 1-1,text,true,,1152,610,1,1,96,0,0
1551175926367,134,楼盘询量,200,OK,楼盘询量 1-1,text,true,,1152,610,1,1,134,0,38
1551175926502,96,楼盘询量,200,OK,楼盘询量 1-1,text,true,,1152,610,1,1,96,0,0
1551175926599,93,楼盘询量,200,OK,楼盘询量 1-1,text,true,,1152,610,1,1,93,0,0
1551175926694,92,楼盘询量,200,OK,楼盘询量 1-1,text,true,,1152,610,1,1,92,0,0
1551175926787,92,楼盘询量,200,OK,楼盘询量 1-1,text,true,,1152,610,1,1,92,0,0
1551175926882,93,楼盘询量,200,OK,楼盘询量 1-1,text,true,,1152,610,1,1,93,0,0
1551175926976,121,楼盘询量,200,OK,楼盘询量 1-1,text,true,,1152,610,1,1,121,0,0
1551175927097,93,楼盘询量,200,OK,楼盘询量 1-1,text,true,,1152,610,1,1,93,0,0
1551175927191,94,楼盘询量,200,OK,楼盘询量 1-1,text,true,,1152,610,1,1,94,0,0
1551175927286,90,楼盘询量,200,OK,楼盘询量 1-1,text,true,,1152,610,1,1,90,0,0
1551175927377,90,楼盘询量,200,OK,楼盘询量 1-1,text,true,,1152,610,1,1,90,0,0
1551175927467,92,楼盘询量,200,OK,楼盘询量 1-1,text,true,,1152,610,1,1,92,0,0
1551175927560,92,楼盘询量,200,OK,楼盘询量 1-1,text,true,,1152,610,1,1,92,0,0
1551175927653,96,楼盘询量,200,OK,楼盘询量 1-1,text,true,,1152,610,1,1,96,0,0
1551175927749,97,楼盘询量,200,OK,楼盘询量 1-1,text,true,,1152,610,1,1,97,0,0
1551175927846,93,楼盘询量,200,OK,楼盘询量 1-1,text,true,,1152,610,1,1,93,0,0
1551175927942,91,楼盘询量,200,OK,楼盘询量 1-1,text,true,,1152,610,1,1,91,0,0
1551175928034,94,楼盘询量,200,OK,楼盘询量 1-1,text,true,,1152,610,1,1,94,0,0
1551175928128,91,楼盘询量,200,OK,楼盘询量 1-1,text,true,,1152,610,1,1,91,0,0
1551175928219,91,楼盘询量,200,OK,楼盘询量 1-1,text,true,,1152,610,1,1,91,0,0
1551175928311,101,楼盘询量,200,OK,楼盘询量 1-1,text,true,,1152,610,1,1,101,0,0
1551175928413,133,楼盘询量,200,OK,楼盘询量 1-1,text,true,,1152,610,1,1,133,0,40
1551175928548,92,楼盘询量,200,OK,楼盘询量 1-1,text,true,,1152,610,1,1,92,0,0
1551175928641,92,楼盘询量,200,OK,楼盘询量 1-1,text,true,,1152,610,1,1,92,0,0
1551175928733,96,楼盘询量,200,OK,楼盘询量 1-1,text,true,,1152,610,1,1,96,0,0
1551175928829,117,楼盘询量,200,OK,楼盘询量 1-1,text,true,,1152,610,1,1,117,0,0
1551175928947,103,楼盘询量,200,OK,楼盘询量 1-1,text,true,,1152,610,1,1,103,0,0
1551175929050,92,楼盘询量,200,OK,楼盘询量 1-1,text,true,,1152,610,1,1,92,0,0
1551175929144,105,楼盘询量,200,OK,楼盘询量 1-1,text,true,,1152,610,1,1,105,0,0
1551175929249,96,楼盘询量,200,OK,楼盘询量 1-1,text,true,,1152,610,1,1,96,0,0
1551175929346,93,楼盘询量,200,OK,楼盘询量 1-1,text,true,,1152,610,1,1,93,0,0
1551175929440,92,楼盘询量,200,OK,楼盘询量 1-1,text,true,,1152,610,1,1,92,0,0
1551175929532,92,楼盘询量,200,OK,楼盘询量 1-1,text,true,,1152,610,1,1,92,0,0
1551175929624,95,楼盘询量,200,OK,楼盘询量 1-1,text,true,,1152,610,1,1,95,0,0
1551175929720,90,楼盘询量,200,OK,楼盘询量 1-1,text,true,,1152,610,1,1,90,0,0
1551175929812,92,楼盘询量,200,OK,楼盘询量 1-1,text,true,,1152,610,1,1,92,0,0
1551175929904,113,楼盘询量,200,OK,楼盘询量 1-1,text,true,,1152,610,1,1,113,0,0
1551175930017,90,楼盘询量,200,OK,楼盘询量 1-1,text,true,,1152,610,1,1,90,0,0
1551175930108,105,楼盘询量,200,OK,楼盘询量 1-1,text,true,,1152,610,1,1,105,0,0
1551175930215,94,楼盘询量,200,OK,楼盘询量 1-1,text,true,,1152,610,1,1,94,0,0
1551175930310,90,楼盘询量,200,OK,楼盘询量 1-1,text,true,,1152,610,1,1,90,0,0
1551175930402,91,楼盘询量,200,OK,楼盘询量 1-1,text,true,,1152,610,1,1,91,0,0
1551175930497,133,楼盘询量,200,OK,楼盘询量 1-1,text,true,,1152,610,1,1,133,0,38
1551175930631,94,楼盘询量,200,OK,楼盘询量 1-1,text,true,,1152,610,1,1,94,0,0
1551175930725,94,楼盘询量,200,OK,楼盘询量 1-1,text,true,,1152,610,1,1,94,0,0
1551175930820,91,楼盘询量,200,OK,楼盘询量 1-1,text,true,,1152,610,1,1,91,0,0
1551175930912,90,楼盘询量,200,OK,楼盘询量 1-1,text,true,,1152,610,1,1,90,0,0
1551175931003,91,楼盘询量,200,OK,楼盘询量 1-1,text,true,,1152,610,1,1,91,0,0
1551175931095,93,楼盘询量,200,OK,楼盘询量 1-1,text,true,,1152,610,1,1,93,0,0
1551175931188,89,楼盘询量,200,OK,楼盘询量 1-1,text,true,,1152,610,1,1,89,0,0
1551175931277,90,楼盘询量,200,OK,楼盘询量 1-1,text,true,,1152,610,1,1,90,0,0
1551175931368,121,楼盘询量,200,OK,楼盘询量 1-1,text,true,,1152,610,1,1,121,0,0
1551175931490,91,楼盘询量,200,OK,楼盘询量 1-1,text,true,,1152,610,1,1,90,0,0
1551175931581,90,楼盘询量,200,OK,楼盘询量 1-1,text,true,,1152,610,1,1,90,0,0
1551175931672,91,楼盘询量,200,OK,楼盘询量 1-1,text,true,,1152,610,1,1,91,0,0
1551175931764,89,楼盘询量,200,OK,楼盘询量 1-1,text,true,,1152,610,1,1,89,0,0
1551175931854,95,楼盘询量,200,OK,楼盘询量 1-1,text,true,,1152,610,1,1,95,0,0
1551175931949,96,楼盘询量,200,OK,楼盘询量 1-1,text,true,,1152,610,1,1,96,0,0
1551175932045,105,楼盘询量,200,OK,楼盘询量 1-1,text,true,,1152,610,1,1,105,0,0
1551175932151,90,楼盘询量,200,OK,楼盘询量 1-1,text,true,,1152,610,1,1,90,0,0
1551175932242,194,楼盘询量,200,OK,楼盘询量 1-1,text,true,,1152,610,1,1,194,0,0
1551175932437,90,楼盘询量,200,OK,楼盘询量 1-1,text,true,,1152,610,1,1,90,0,0
1551175932528,136,楼盘询量,200,OK,楼盘询量 1-1,text,true,,1152,610,1,1,136,0,40
1551175932664,98,楼盘询量,200,OK,楼盘询量 1-1,text,true,,1152,610,1,1,98,0,0
1551175932763,89,楼盘询量,200,OK,楼盘询量 1-1,text,true,,1152,610,1,1,89,0,0
1551175932853,92,楼盘询量,200,OK,楼盘询量 1-1,text,true,,1152,610,1,1,92,0,0
1551175932947,98,楼盘询量,200,OK,楼盘询量 1-1,text,true,,1152,610,1,1,98,0,0
1551175933045,94,楼盘询量,200,OK,楼盘询量 1-1,text,true,,1152,610,1,1,94,0,0
1551175933139,95,楼盘询量,200,OK,楼盘询量 1-1,text,true,,1152,610,1,1,94,0,0
1551175933236,92,楼盘询量,200,OK,楼盘询量 1-1,text,true,,1152,610,1,1,92,0,0
1551175933329,90,楼盘询量,200,OK,楼盘询量 1-1,text,true,,1152,610,1,1,90,0,0
1551175933420,91,楼盘询量,200,OK,楼盘询量 1-1,text,true,,1152,610,1,1,91,0,0
1551175933512,106,楼盘询量,200,OK,楼盘询量 1-1,text,true,,1152,610,1,1,106,0,0
1551175933619,90,楼盘询量,200,OK,楼盘询量 1-1,text,true,,1152,610,1,1,90,0,0
1551175933709,97,楼盘询量,200,OK,楼盘询量 1-1,text,true,,1152,610,1,1,97,0,0
1551175933807,92,楼盘询量,200,OK,楼盘询量 1-1,text,true,,1152,610,1,1,92,0,0
1551175933899,90,楼盘询量,200,OK,楼盘询量 1-1,text,true,,1152,610,1,1,90,0,0
1551175933990,93,楼盘询量,200,OK,楼盘询量 1-1,text,true,,1152,610,1,1,93,0,0
1551175934084,93,楼盘询量,200,OK,楼盘询量 1-1,text,true,,1152,610,1,1,93,0,0
1551175934178,90,楼盘询量,200,OK,楼盘询量 1-1,text,true,,1152,610,1,1,90,0,0
1551175934269,93,楼盘询量,200,OK,楼盘询量 1-1,text,true,,1152,610,1,1,93,0,0
1551175934363,105,楼盘询量,200,OK,楼盘询量 1-1,text,true,,1152,610,1,1,105,0,0
1551175934469,92,楼盘询量,200,OK,楼盘询量 1-1,text,true,,1152,610,1,1,92,0,0
1551175934562,136,楼盘询量,200,OK,楼盘询量 1-1,text,true,,1152,610,1,1,136,0,40
1551175934698,94,楼盘询量,200,OK,楼盘询量 1-1,text,true,,1152,610,1,1,94,0,0
1551175934793,89,楼盘询量,200,OK,楼盘询量 1-1,text,true,,1152,610,1,1,89,0,0
1551175934883,107,楼盘询量,200,OK,楼盘询量 1-1,text,true,,1152,610,1,1,107,0,0
1551175934990,93,楼盘询量,200,OK,楼盘询量 1-1,text,true,,1152,610,1,1,93,0,0
1551175935083,93,楼盘询量,200,OK,楼盘询量 1-1,text,true,,1152,610,1,1,93,0,0
1551175935176,92,楼盘询量,200,OK,楼盘询量 1-1,text,true,,1152,610,1,1,92,0,0
1551175935270,103,楼盘询量,200,OK,楼盘询量 1-1,text,true,,1152,610,1,1,103,0,0
1551175935373,90,楼盘询量,200,OK,楼盘询量 1-1,text,true,,1152,610,1,1,90,0,0
1551175935464,91,楼盘询量,200,OK,楼盘询量 1-1,text,true,,1152,610,1,1,91,0,0
1551175935555,94,楼盘询量,200,OK,楼盘询量 1-1,text,true,,1152,610,1,1,94,0,0
1551175935649,93,楼盘询量,200,OK,楼盘询量 1-1,text,true,,1152,610,1,1,93,0,0
1551175935742,96,楼盘询量,200,OK,楼盘询量 1-1,text,true,,1152,610,1,1,96,0,0
1551175935839,96,楼盘询量,200,OK,楼盘询量 1-1,text,true,,1152,610,1,1,96,0,0
1551175935936,89,楼盘询量,200,OK,楼盘询量 1-1,text,true,,1152,610,1,1,89,0,0
1551175936025,90,楼盘询量,200,OK,楼盘询量 1-1,text,true,,1152,610,1,1,90,0,0
1551175936116,96,楼盘询量,200,OK,楼盘询量 1-1,text,true,,1152,610,1,1,96,0,0
1551175936213,89,楼盘询量,200,OK,楼盘询量 1-1,text,true,,1152,610,1,1,89,0,0
1551175936303,99,楼盘询量,200,OK,楼盘询量 1-1,text,true,,1152,610,1,1,99,0,0
1551175936404,100,楼盘询量,200,OK,楼盘询量 1-1,text,true,,1152,610,1,1,100,0,0
1551175936505,90,楼盘询量,200,OK,楼盘询量 1-1,text,true,,1152,610,1,1,90,0,0
1551175936595,134,楼盘询量,200,OK,楼盘询量 1-1,text,true,,1152,610,1,1,134,0,41
1551175936730,96,楼盘询量,200,OK,楼盘询量 1-1,text,true,,1152,610,1,1,96,0,0
1551175936826,92,楼盘询量,200,OK,楼盘询量 1-1,text,true,,1152,610,1,1,92,0,0
1551175936919,96,楼盘询量,200,OK,楼盘询量 1-1,text,true,,1152,610,1,1,96,0,0
1551175937016,97,楼盘询量,200,OK,楼盘询量 1-1,text,true,,1152,610,1,1,97,0,0
1551175937115,95,楼盘询量,200,OK,楼盘询量 1-1,text,true,,1152,610,1,1,95,0,0
1551175937210,97,楼盘询量,200,OK,楼盘询量 1-1,text,true,,1152,610,1,1,97,0,0
1551175937308,97,楼盘询量,200,OK,楼盘询量 1-1,text,true,,1152,610,1,1,97,0,0
1551175937405,91,楼盘询量,200,OK,楼盘询量 1-1,text,true,,1152,610,1,1,91,0,0
1551175937496,96,楼盘询量,200,OK,楼盘询量 1-1,text,true,,1152,610,1,1,96,0,0
1551175937593,97,楼盘询量,200,OK,楼盘询量 1-1,text,true,,1152,610,1,1,97,0,0
1551175937691,115,楼盘询量,200,OK,楼盘询量 1-1,text,true,,1152,610,1,1,115,0,0
1551175937806,94,楼盘询量,200,OK,楼盘询量 1-1,text,true,,1152,610,1,1,94,0,0
1551175937901,99,楼盘询量,200,OK,楼盘询量 1-1,text,true,,1152,610,1,1,99,0,0
1551175938000,91,楼盘询量,200,OK,楼盘询量 1-1,text,true,,1152,610,1,1,91,0,0
1551175938092,92,楼盘询量,200,OK,楼盘询量 1-1,text,true,,1152,610,1,1,92,0,0
1551175938185,97,楼盘询量,200,OK,楼盘询量 1-1,text,true,,1152,610,1,1,97,0,0
1551175938283,92,楼盘询量,200,OK,楼盘询量 1-1,text,true,,1152,610,1,1,92,0,0
1551175938376,100,楼盘询量,200,OK,楼盘询量 1-1,text,true,,1152,610,1,1,100,0,0
1551175938477,97,楼盘询量,200,OK,楼盘询量 1-1,text,true,,1152,610,1,1,97,0,0
1551175938575,94,楼盘询量,200,OK,楼盘询量 1-1,text,true,,1152,610,1,1,94,0,0
1551175938670,137,楼盘询量,200,OK,楼盘询量 1-1,text,true,,1152,610,1,1,137,0,40
1551175938807,92,楼盘询量,200,OK,楼盘询量 1-1,text,true,,1152,610,1,1,92,0,0
1551175938901,96,楼盘询量,200,OK,楼盘询量 1-1,text,true,,1152,610,1,1,96,0,0
1551175938998,97,楼盘询量,200,OK,楼盘询量 1-1,text,true,,1152,610,1,1,97,0,0
1551175939096,90,楼盘询量,200,OK,楼盘询量 1-1,text,true,,1152,610,1,1,90,0,0
1551175939187,92,楼盘询量,200,OK,楼盘询量 1-1,text,true,,1152,610,1,1,92,0,0
1551175939280,93,楼盘询量,200,OK,楼盘询量 1-1,text,true,,1152,610,1,1,93,0,0
1551175939373,95,楼盘询量,200,OK,楼盘询量 1-1,text,true,,1152,610,1,1,95,0,0
1551175939469,91,楼盘询量,200,OK,楼盘询量 1-1,text,true,,1152,610,1,1,91,0,0
1551175939561,99,楼盘询量,200,OK,楼盘询量 1-1,text,true,,1152,610,1,1,99,0,0
1551175939661,90,楼盘询量,200,OK,楼盘询量 1-1,text,true,,1152,610,1,1,90,0,0
1551175939752,97,楼盘询量,200,OK,楼盘询量 1-1,text,true,,1152,610,1,1,97,0,0
1551175939850,97,楼盘询量,200,OK,楼盘询量 1-1,text,true,,1152,610,1,1,97,0,0
1551175939947,92,楼盘询量,200,OK,楼盘询量 1-1,text,true,,1152,610,1,1,92,0,0
1551175940041,96,楼盘询量,200,OK,楼盘询量 1-1,text,true,,1152,610,1,1,96,0,0
1551175940138,92,楼盘询量,200,OK,楼盘询量 1-1,text,true,,1152,610,1,1,92,0,0
1551175940231,91,楼盘询量,200,OK,楼盘询量 1-1,text,true,,1152,610,1,1,91,0,0
1551175940323,93,楼盘询量,200,OK,楼盘询量 1-1,text,true,,1152,610,1,1,93,0,0
1551175940416,95,楼盘询量,200,OK,楼盘询量 1-1,text,true,,1152,610,1,1,95,0,0
1551175940511,94,楼盘询量,200,OK,楼盘询量 1-1,text,true,,1152,610,1,1,94,0,0
1551175940606,147,楼盘询量,200,OK,楼盘询量 1-1,text,true,,1152,610,1,1,147,0,0
1551175940754,137,楼盘询量,200,OK,楼盘询量 1-1,text,true,,1152,610,1,1,137,0,39
1551175940893,89,楼盘询量,200,OK,楼盘询量 1-1,text,true,,1152,610,1,1,89,0,0
1551175940983,95,楼盘询量,200,OK,楼盘询量 1-1,text,true,,1152,610,1,1,95,0,0
1551175941081,93,楼盘询量,200,OK,楼盘询量 1-1,text,true,,1152,610,1,1,93,0,0
1551175941175,90,楼盘询量,200,OK,楼盘询量 1-1,text,true,,1152,610,1,1,90,0,0
1551175941266,92,楼盘询量,200,OK,楼盘询量 1-1,text,true,,1152,610,1,1,92,0,0
1551175941358,97,楼盘询量,200,OK,楼盘询量 1-1,text,true,,1152,610,1,1,97,0,0
1551175941456,94,楼盘询量,200,OK,楼盘询量 1-1,text,true,,1152,610,1,1,94,0,0
1551175941551,92,楼盘询量,200,OK,楼盘询量 1-1,text,true,,1152,610,1,1,92,0,0
1551175941644,95,楼盘询量,200,OK,楼盘询量 1-1,text,true,,1152,610,1,1,95,0,0
1551175941740,92,楼盘询量,200,OK,楼盘询量 1-1,text,true,,1152,610,1,1,92,0,0
1551175941832,93,楼盘询量,200,OK,楼盘询量 1-1,text,true,,1152,610,1,1,93,0,0
1551175941925,95,楼盘询量,200,OK,楼盘询量 1-1,text,true,,1152,610,1,1,95,0,0
1551175942028,91,楼盘询量,200,OK,楼盘询量 1-1,text,true,,1152,610,1,1,91,0,0
1551175942119,94,楼盘询量,200,OK,楼盘询量 1-1,text,true,,1152,610,1,1,94,0,0
1551175942213,95,楼盘询量,200,OK,楼盘询量 1-1,text,true,,1152,610,1,1,95,0,0
1551175942309,92,楼盘询量,200,OK,楼盘询量 1-1,text,true,,1152,610,1,1,92,0,0
1551175942402,91,楼盘询量,200,OK,楼盘询量 1-1,text,true,,1152,610,1,1,91,0,0
1551175942493,97,楼盘询量,200,OK,楼盘询量 1-1,text,true,,1152,610,1,1,97,0,0
1551175942591,94,楼盘询量,200,OK,楼盘询量 1-1,text,true,,1152,610,1,1,94,0,0
1551175942685,93,楼盘询量,200,OK,楼盘询量 1-1,text,true,,1152,610,1,1,93,0,0
1551175942778,139,楼盘询量,200,OK,楼盘询量 1-1,text,true,,1152,610,1,1,139,0,40
1551175942918,95,楼盘询量,200,OK,楼盘询量 1-1,text,true,,1152,610,1,1,95,0,0
1551175943014,95,楼盘询量,200,OK,楼盘询量 1-1,text,true,,1152,610,1,1,95,0,0
1551175943110,98,楼盘询量,200,OK,楼盘询量 1-1,text,true,,1152,610,1,1,98,0,0
1551175943209,88,楼盘询量,200,OK,楼盘询量 1-1,text,true,,1152,610,1,1,88,0,0
1551175943298,100,楼盘询量,200,OK,楼盘询量 1-1,text,true,,1152,610,1,1,100,0,0
1551175943399,92,楼盘询量,200,OK,楼盘询量 1-1,text,true,,1152,610,1,1,92,0,0
1551175943491,96,楼盘询量,200,OK,楼盘询量 1-1,text,true,,1152,610,1,1,96,0,0
1551175943587,92,楼盘询量,200,OK,楼盘询量 1-1,text,true,,1152,610,1,1,92,0,0
1551175943680,94,楼盘询量,200,OK,楼盘询量 1-1,text,true,,1152,610,1,1,94,0,0
1551175943775,93,楼盘询量,200,OK,楼盘询量 1-1,text,true,,1152,610,1,1,93,0,0
1551175943869,130,楼盘询量,200,OK,楼盘询量 1-1,text,true,,1152,610,1,1,130,0,0
1551175944000,93,楼盘询量,200,OK,楼盘询量 1-1,text,true,,1152,610,1,1,93,0,0
1551175944093,104,楼盘询量,200,OK,楼盘询量 1-1,text,true,,1152,610,1,1,104,0,0
1551175944199,91,楼盘询量,200,OK,楼盘询量 1-1,text,true,,1152,610,1,1,91,0,0
1551175944291,95,楼盘询量,200,OK,楼盘询量 1-1,text,true,,1152,610,1,1,95,0,0
1551175944387,94,楼盘询量,200,OK,楼盘询量 1-1,text,true,,1152,610,1,1,94,0,0
1551175944481,89,楼盘询量,200,OK,楼盘询量 1-1,text,true,,1152,610,1,1,89,0,0
1551175944572,93,楼盘询量,200,OK,楼盘询量 1-1,text,true,,1152,610,1,1,93,0,0
1551175944665,100,楼盘询量,200,OK,楼盘询量 1-1,text,true,,1152,610,1,1,100,0,0
1551175944766,90,楼盘询量,200,OK,楼盘询量 1-1,text,true,,1152,610,1,1,90,0,0
1551175944856,159,楼盘询量,200,OK,楼盘询量 1-1,text,true,,1152,610,1,1,159,0,40
1551175945015,94,楼盘询量,200,OK,楼盘询量 1-1,text,true,,1152,610,1,1,94,0,0
1551175945110,94,楼盘询量,200,OK,楼盘询量 1-1,text,true,,1152,610,1,1,94,0,0
1551175945205,92,楼盘询量,200,OK,楼盘询量 1-1,text,true,,1152,610,1,1,92,0,0
1551175945297,95,楼盘询量,200,OK,楼盘询量 1-1,text,true,,1152,610,1,1,95,0,0
1551175945393,89,楼盘询量,200,OK,楼盘询量 1-1,text,true,,1152,610,1,1,89,0,0
1551175945483,91,楼盘询量,200,OK,楼盘询量 1-1,text,true,,1152,610,1,1,91,0,0
1551175945574,95,楼盘询量,200,OK,楼盘询量 1-1,text,true,,1152,610,1,1,95,0,0
1551175945669,92,楼盘询量,200,OK,楼盘询量 1-1,text,true,,1152,610,1,1,92,0,0
1551175945762,99,楼盘询量,200,OK,楼盘询量 1-1,text,true,,1152,610,1,1,99,0,0
1551175945861,99,楼盘询量,200,OK,楼盘询量 1-1,text,true,,1152,610,1,1,99,0,0
1551175945961,89,楼盘询量,200,OK,楼盘询量 1-1,text,true,,1152,610,1,1,89,0,0
1551175946051,95,楼盘询量,200,OK,楼盘询量 1-1,text,true,,1152,610,1,1,95,0,0
1551175946147,95,楼盘询量,200,OK,楼盘询量 1-1,text,true,,1152,610,1,1,95,0,0
1551175946242,92,楼盘询量,200,OK,楼盘询量 1-1,text,true,,1152,610,1,1,92,0,0
1551175946334,95,楼盘询量,200,OK,楼盘询量 1-1,text,true,,1152,610,1,1,95,0,0
1551175946430,93,楼盘询量,200,OK,楼盘询量 1-1,text,true,,1152,610,1,1,93,0,0
1551175946524,92,楼盘询量,200,OK,楼盘询量 1-1,text,true,,1152,610,1,1,92,0,0
1551175946616,92,楼盘询量,200,OK,楼盘询量 1-1,text,true,,1152,610,1,1,92,0,0
1551175946708,93,楼盘询量,200,OK,楼盘询量 1-1,text,true,,1152,610,1,1,93,0,0
1551175946804,92,楼盘询量,200,OK,楼盘询量 1-1,text,true,,1152,610,1,1,92,0,0
1551175946896,134,楼盘询量,200,OK,楼盘询量 1-1,text,true,,1152,610,1,1,134,0,41
1551175947031,95,楼盘询量,200,OK,楼盘询量 1-1,text,true,,1152,610,1,1,95,0,0
1551175947127,90,楼盘询量,200,OK,楼盘询量 1-1,text,true,,1152,610,1,1,90,0,0
1551175947218,96,楼盘询量,200,OK,楼盘询量 1-1,text,true,,1152,610,1,1,96,0,0
1551175947314,96,楼盘询量,200,OK,楼盘询量 1-1,text,true,,1152,610,1,1,96,0,0
1551175947411,92,楼盘询量,200,OK,楼盘询量 1-1,text,true,,1152,610,1,1,92,0,0
1551175947504,94,楼盘询量,200,OK,楼盘询量 1-1,text,true,,1152,610,1,1,94,0,0
1551175947598,93,楼盘询量,200,OK,楼盘询量 1-1,text,true,,1152,610,1,1,93,0,0
1551175947692,96,楼盘询量,200,OK,楼盘询量 1-1,text,true,,1152,610,1,1,96,0,0
1551175947789,93,楼盘询量,200,OK,楼盘询量 1-1,text,true,,1152,610,1,1,93,0,0
1551175947882,90,楼盘询量,200,OK,楼盘询量 1-1,text,true,,1152,610,1,1,90,0,0
1551175947973,92,楼盘询量,200,OK,楼盘询量 1-1,text,true,,1152,610,1,1,92,0,0
1551175948066,97,楼盘询量,200,OK,楼盘询量 1-1,text,true,,1152,610,1,1,97,0,0
1551175948163,92,楼盘询量,200,OK,楼盘询量 1-1,text,true,,1152,610,1,1,92,0,0
1551175948257,95,楼盘询量,200,OK,楼盘询量 1-1,text,true,,1152,610,1,1,95,0,0
1551175948353,121,楼盘询量,200,OK,楼盘询量 1-1,text,true,,1152,610,1,1,121,0,0
1551175948475,94,楼盘询量,200,OK,楼盘询量 1-1,text,true,,1152,610,1,1,94,0,0
1551175948570,94,楼盘询量,200,OK,楼盘询量 1-1,text,true,,1152,610,1,1,94,0,0
1551175948666,96,楼盘询量,200,OK,楼盘询量 1-1,text,true,,1152,610,1,1,96,0,0
1551175948763,91,楼盘询量,200,OK,楼盘询量 1-1,text,true,,1152,610,1,1,91,0,0
1551175948855,97,楼盘询量,200,OK,楼盘询量 1-1,text,true,,1152,610,1,1,97,0,0
1551175948953,134,楼盘询量,200,OK,楼盘询量 1-1,text,true,,1152,610,1,1,134,0,39
1551175949088,91,楼盘询量,200,OK,楼盘询量 1-1,text,true,,1152,610,1,1,91,0,0
1551175949180,92,楼盘询量,200,OK,楼盘询量 1-1,text,true,,1152,610,1,1,92,0,0
1551175949273,95,楼盘询量,200,OK,楼盘询量 1-1,text,true,,1152,610,1,1,95,0,0
1551175949372,91,楼盘询量,200,OK,楼盘询量 1-1,text,true,,1152,610,1,1,91,0,0
1551175949463,101,楼盘询量,200,OK,楼盘询量 1-1,text,true,,1152,610,1,1,101,0,0
1551175949564,94,楼盘询量,200,OK,楼盘询量 1-1,text,true,,1152,610,1,1,94,0,0
1551175949658,91,楼盘询量,200,OK,楼盘询量 1-1,text,true,,1152,610,1,1,91,0,0
1551175949749,91,楼盘询量,200,OK,楼盘询量 1-1,text,true,,1152,610,1,1,91,0,0
1551175949841,96,楼盘询量,200,OK,楼盘询量 1-1,text,true,,1152,610,1,1,96,0,0
1551175949937,91,楼盘询量,200,OK,楼盘询量 1-1,text,true,,1152,610,1,1,91,0,0
1551175950028,120,楼盘询量,200,OK,楼盘询量 1-1,text,true,,1152,610,1,1,120,0,0
1551175950148,91,楼盘询量,200,OK,楼盘询量 1-1,text,true,,1152,610,1,1,91,0,0
1551175950240,87,楼盘询量,200,OK,楼盘询量 1-1,text,true,,1152,610,1,1,87,0,0
1551175950328,93,楼盘询量,200,OK,楼盘询量 1-1,text,true,,1152,610,1,1,93,0,0
1551175950421,91,楼盘询量,200,OK,楼盘询量 1-1,text,true,,1152,610,1,1,91,0,0
1551175950512,89,楼盘询量,200,OK,楼盘询量 1-1,text,true,,1152,610,1,1,89,0,0
1551175950602,91,楼盘询量,200,OK,楼盘询量 1-1,text,true,,1152,610,1,1,91,0,0
1551175950694,93,楼盘询量,200,OK,楼盘询量 1-1,text,true,,1152,610,1,1,93,0,0
1551175950788,88,楼盘询量,200,OK,楼盘询量 1-1,text,true,,1152,610,1,1,88,0,0
1551175950877,90,楼盘询量,200,OK,楼盘询量 1-1,text,true,,1152,610,1,1,90,0,0
1551175950968,144,楼盘询量,200,OK,楼盘询量 1-1,text,true,,1152,610,1,1,144,0,40
1551175951113,91,楼盘询量,200,OK,楼盘询量 1-1,text,true,,1152,610,1,1,91,0,0
1551175951204,95,楼盘询量,200,OK,楼盘询量 1-1,text,true,,1152,610,1,1,95,0,0
1551175951300,92,楼盘询量,200,OK,楼盘询量 1-1,text,true,,1152,610,1,1,92,0,0
1551175951393,90,楼盘询量,200,OK,楼盘询量 1-1,text,true,,1152,610,1,1,90,0,0
1551175951484,93,楼盘询量,200,OK,楼盘询量 1-1,text,true,,1152,610,1,1,93,0,0
1551175951578,91,楼盘询量,200,OK,楼盘询量 1-1,text,true,,1152,610,1,1,91,0,0
1551175951669,93,楼盘询量,200,OK,楼盘询量 1-1,text,true,,1152,610,1,1,93,0,0
1551175951763,102,楼盘询量,200,OK,楼盘询量 1-1,text,true,,1152,610,1,1,102,0,0
1551175951866,90,楼盘询量,200,OK,楼盘询量 1-1,text,true,,1152,610,1,1,90,0,0
1551175951957,92,楼盘询量,200,OK,楼盘询量 1-1,text,true,,1152,610,1,1,92,0,0
1551175952055,96,楼盘询量,200,OK,楼盘询量 1-1,text,true,,1152,610,1,1,96,0,0
1551175952152,97,楼盘询量,200,OK,楼盘询量 1-1,text,true,,1152,610,1,1,97,0,0
1551175952250,95,楼盘询量,200,OK,楼盘询量 1-1,text,true,,1152,610,1,1,95,0,0
1551175952345,106,楼盘询量,200,OK,楼盘询量 1-1,text,true,,1152,610,1,1,106,0,0
1551175952451,91,楼盘询量,200,OK,楼盘询量 1-1,text,true,,1152,610,1,1,91,0,0
1551175952543,93,楼盘询量,200,OK,楼盘询量 1-1,text,true,,1152,610,1,1,93,0,0
1551175952637,98,楼盘询量,200,OK,楼盘询量 1-1,text,true,,1152,610,1,1,98,0,0
1551175952736,95,楼盘询量,200,OK,楼盘询量 1-1,text,true,,1152,610,1,1,95,0,0
1551175952832,93,楼盘询量,200,OK,楼盘询量 1-1,text,true,,1152,610,1,1,93,0,0
1551175952926,93,楼盘询量,200,OK,楼盘询量 1-1,text,true,,1152,610,1,1,93,0,0
1551175953020,176,楼盘询量,200,OK,楼盘询量 1-1,text,true,,1152,610,1,1,176,0,41
1551175953197,94,楼盘询量,200,OK,楼盘询量 1-1,text,true,,1152,610,1,1,94,0,0
1551175953292,93,楼盘询量,200,OK,楼盘询量 1-1,text,true,,1152,610,1,1,93,0,0
1551175953385,94,楼盘询量,200,OK,楼盘询量 1-1,text,true,,1152,610,1,1,94,0,0
1551175953480,96,楼盘询量,200,OK,楼盘询量 1-1,text,true,,1152,610,1,1,96,0,0
1551175953576,94,楼盘询量,200,OK,楼盘询量 1-1,text,true,,1152,610,1,1,94,0,0
1551175953671,93,楼盘询量,200,OK,楼盘询量 1-1,text,true,,1152,610,1,1,93,0,0
1551175953765,94,楼盘询量,200,OK,楼盘询量 1-1,text,true,,1152,610,1,1,94,0,0
1551175953860,97,楼盘询量,200,OK,楼盘询量 1-1,text,true,,1152,610,1,1,97,0,0
1551175953958,95,楼盘询量,200,OK,楼盘询量 1-1,text,true,,1152,610,1,1,95,0,0
1551175954056,97,楼盘询量,200,OK,楼盘询量 1-1,text,true,,1152,610,1,1,97,0,0
1551175954154,120,楼盘询量,200,OK,楼盘询量 1-1,text,true,,1152,610,1,1,120,0,0
1551175954275,94,楼盘询量,200,OK,楼盘询量 1-1,text,true,,1152,610,1,1,94,0,0
1551175954371,93,楼盘询量,200,OK,楼盘询量 1-1,text,true,,1152,610,1,1,93,0,0
1551175954464,92,楼盘询量,200,OK,楼盘询量 1-1,text,true,,1152,610,1,1,92,0,0
1551175954557,92,楼盘询量,200,OK,楼盘询量 1-1,text,true,,1152,610,1,1,92,0,0
1551175954650,96,楼盘询量,200,OK,楼盘询量 1-1,text,true,,1152,610,1,1,96,0,0
1551175954747,98,楼盘询量,200,OK,楼盘询量 1-1,text,true,,1152,610,1,1,98,0,0
1551175954846,91,楼盘询量,200,OK,楼盘询量 1-1,text,true,,1152,610,1,1,91,0,0
1551175954938,95,楼盘询量,200,OK,楼盘询量 1-1,text,true,,1152,610,1,1,95,0,0
1551175955034,140,楼盘询量,200,OK,楼盘询量 1-1,text,true,,1152,610,1,1,140,0,41
1551175955175,94,楼盘询量,200,OK,楼盘询量 1-1,text,true,,1152,610,1,1,94,0,0
1551175955269,97,楼盘询量,200,OK,楼盘询量 1-1,text,true,,1152,610,1,1,97,0,0
1551175955366,93,楼盘询量,200,OK,楼盘询量 1-1,text,true,,1152,610,1,1,93,0,0
1551175955461,95,楼盘询量,200,OK,楼盘询量 1-1,text,true,,1152,610,1,1,95,0,0
1551175955559,94,楼盘询量,200,OK,楼盘询量 1-1,text,true,,1152,610,1,1,94,0,0
1551175955654,88,楼盘询量,200,OK,楼盘询量 1-1,text,true,,1152,610,1,1,88,0,0
1551175955743,98,楼盘询量,200,OK,楼盘询量 1-1,text,true,,1152,610,1,1,98,0,0
1551175955842,92,楼盘询量,200,OK,楼盘询量 1-1,text,true,,1152,610,1,1,92,0,0
1551175955935,108,楼盘询量,200,OK,楼盘询量 1-1,text,true,,1152,610,1,1,108,0,0
1551175956045,95,楼盘询量,200,OK,楼盘询量 1-1,text,true,,1152,610,1,1,95,0,0
1551175956142,94,楼盘询量,200,OK,楼盘询量 1-1,text,true,,1152,610,1,1,94,0,0
1551175956236,91,楼盘询量,200,OK,楼盘询量 1-1,text,true,,1152,610,1,1,91,0,0
1551175956328,90,楼盘询量,200,OK,楼盘询量 1-1,text,true,,1152,610,1,1,90,0,0
1551175956419,92,楼盘询量,200,OK,楼盘询量 1-1,text,true,,1152,610,1,1,92,0,0
1551175956511,209,楼盘询量,200,OK,楼盘询量 1-1,text,true,,1152,610,1,1,209,0,0
1551175956721,91,楼盘询量,200,OK,楼盘询量 1-1,text,true,,1152,610,1,1,91,0,0
1551175956813,94,楼盘询量,200,OK,楼盘询量 1-1,text,true,,1152,610,1,1,94,0,0
1551175956909,154,楼盘询量,200,OK,楼盘询量 1-1,text,true,,1152,610,1,1,154,0,0
1551175957063,134,楼盘询量,200,OK,楼盘询量 1-1,text,true,,1152,610,1,1,134,0,40
1551175957198,99,楼盘询量,200,OK,楼盘询量 1-1,text,true,,1152,610,1,1,99,0,0
1551175957298,100,楼盘询量,200,OK,楼盘询量 1-1,text,true,,1152,610,1,1,100,0,0
1551175957398,91,楼盘询量,200,OK,楼盘询量 1-1,text,true,,1152,610,1,1,91,0,0
1551175957489,110,楼盘询量,200,OK,楼盘询量 1-1,text,true,,1152,610,1,1,110,0,0
1551175957600,89,楼盘询量,200,OK,楼盘询量 1-1,text,true,,1152,610,1,1,89,0,0
1551175957690,91,楼盘询量,200,OK,楼盘询量 1-1,text,true,,1152,610,1,1,91,0,0
1551175957782,91,楼盘询量,200,OK,楼盘询量 1-1,text,true,,1152,610,1,1,91,0,0
1551175957874,91,楼盘询量,200,OK,楼盘询量 1-1,text,true,,1152,610,1,1,91,0,0
1551175957965,92,楼盘询量,200,OK,楼盘询量 1-1,text,true,,1152,610,1,1,92,0,0
1551175958065,93,楼盘询量,200,OK,楼盘询量 1-1,text,true,,1152,610,1,1,93,0,0
1551175958159,93,楼盘询量,200,OK,楼盘询量 1-1,text,true,,1152,610,1,1,93,0,0
1551175958253,93,楼盘询量,200,OK,楼盘询量 1-1,text,true,,1152,610,1,1,93,0,0
1551175958346,94,楼盘询量,200,OK,楼盘询量 1-1,text,true,,1152,610,1,1,94,0,0
1551175958440,91,楼盘询量,200,OK,楼盘询量 1-1,text,true,,1152,610,1,1,91,0,0
1551175958532,91,楼盘询量,200,OK,楼盘询量 1-1,text,true,,1152,610,1,1,91,0,0
1551175958624,94,楼盘询量,200,OK,楼盘询量 1-1,text,true,,1152,610,1,1,94,0,0
1551175958719,88,楼盘询量,200,OK,楼盘询量 1-1,text,true,,1152,610,1,1,88,0,0
1551175958807,92,楼盘询量,200,OK,楼盘询量 1-1,text,true,,1152,610,1,1,92,0,0
1551175958900,93,楼盘询量,200,OK,楼盘询量 1-1,text,true,,1152,610,1,1,93,0,0
1551175958995,92,楼盘询量,200,OK,楼盘询量 1-1,text,true,,1152,610,1,1,92,0,0
1551175959088,136,楼盘询量,200,OK,楼盘询量 1-1,text,true,,1152,610,1,1,136,0,41
1551175959225,95,楼盘询量,200,OK,楼盘询量 1-1,text,true,,1152,610,1,1,95,0,0
1551175959322,96,楼盘询量,200,OK,楼盘询量 1-1,text,true,,1152,610,1,1,96,0,0
1551175959419,91,楼盘询量,200,OK,楼盘询量 1-1,text,true,,1152,610,1,1,91,0,0
1551175959511,94,楼盘询量,200,OK,楼盘询量 1-1,text,true,,1152,610,1,1,94,0,0
1551175959605,93,楼盘询量,200,OK,楼盘询量 1-1,text,true,,1152,610,1,1,93,0,0
1551175959699,92,楼盘询量,200,OK,楼盘询量 1-1,text,true,,1152,610,1,1,92,0,0
1551175959791,96,楼盘询量,200,OK,楼盘询量 1-1,text,true,,1152,610,1,1,96,0,0
1551175959887,107,楼盘询量,200,OK,楼盘询量 1-1,text,true,,1152,610,1,1,107,0,0
1551175959996,94,楼盘询量,200,OK,楼盘询量 1-1,text,true,,1152,610,1,1,94,0,0
1551175960090,96,楼盘询量,200,OK,楼盘询量 1-1,text,true,,1152,610,1,1,96,0,0
1551175960189,93,楼盘询量,200,OK,楼盘询量 1-1,text,true,,1152,610,1,1,93,0,0
1551175960283,92,楼盘询量,200,OK,楼盘询量 1-1,text,true,,1152,610,1,1,92,0,0
1551175960375,95,楼盘询量,200,OK,楼盘询量 1-1,text,true,,1152,610,1,1,95,0,0
1551175960470,93,楼盘询量,200,OK,楼盘询量 1-1,text,true,,1152,610,1,1,93,0,0
1551175960570,101,楼盘询量,200,OK,楼盘询量 1-1,text,true,,1152,610,1,1,101,0,0
1551175960672,95,楼盘询量,200,OK,楼盘询量 1-1,text,true,,1152,610,1,1,95,0,0
1551175960768,97,楼盘询量,200,OK,楼盘询量 1-1,text,true,,1152,610,1,1,97,0,0
1551175960866,95,楼盘询量,200,OK,楼盘询量 1-1,text,true,,1152,610,1,1,95,0,0
1551175960962,96,楼盘询量,200,OK,楼盘询量 1-1,text,true,,1152,610,1,1,96,0,0
1551175961059,94,楼盘询量,200,OK,楼盘询量 1-1,text,true,,1152,610,1,1,94,0,0
1551175961153,135,楼盘询量,200,OK,楼盘询量 1-1,text,true,,1152,610,1,1,135,0,42
1551175961289,93,楼盘询量,200,OK,楼盘询量 1-1,text,true,,1152,610,1,1,93,0,0
1551175961383,100,楼盘询量,200,OK,楼盘询量 1-1,text,true,,1152,610,1,1,100,0,0
1551175961484,93,楼盘询量,200,OK,楼盘询量 1-1,text,true,,1152,610,1,1,93,0,0
1551175961577,97,楼盘询量,200,OK,楼盘询量 1-1,text,true,,1152,610,1,1,97,0,0
1551175961675,97,楼盘询量,200,OK,楼盘询量 1-1,text,true,,1152,610,1,1,97,0,0
1551175961773,91,楼盘询量,200,OK,楼盘询量 1-1,text,true,,1152,610,1,1,91,0,0
1551175961867,91,楼盘询量,200,OK,楼盘询量 1-1,text,true,,1152,610,1,1,91,0,0
1551175961959,94,楼盘询量,200,OK,楼盘询量 1-1,text,true,,1152,610,1,1,94,0,0
1551175962054,98,楼盘询量,200,OK,楼盘询量 1-1,text,true,,1152,610,1,1,98,0,0
1551175962152,99,楼盘询量,200,OK,楼盘询量 1-1,text,true,,1152,610,1,1,99,0,0
1551175962251,99,楼盘询量,200,OK,楼盘询量 1-1,text,true,,1152,610,1,1,99,0,0
1551175962350,91,楼盘询量,200,OK,楼盘询量 1-1,text,true,,1152,610,1,1,91,0,0
1551175962442,98,楼盘询量,200,OK,楼盘询量 1-1,text,true,,1152,610,1,1,98,0,0
1551175962541,96,楼盘询量,200,OK,楼盘询量 1-1,text,true,,1152,610,1,1,96,0,0
1551175962637,91,楼盘询量,200,OK,楼盘询量 1-1,text,true,,1152,610,1,1,91,0,0
1551175962729,185,楼盘询量,200,OK,楼盘询量 1-1,text,true,,1152,610,1,1,185,0,0
1551175962915,93,楼盘询量,200,OK,楼盘询量 1-1,text,true,,1152,610,1,1,93,0,0
1551175963009,95,楼盘询量,200,OK,楼盘询量 1-1,text,true,,1152,610,1,1,95,0,0
1551175963105,100,楼盘询量,200,OK,楼盘询量 1-1,text,true,,1152,610,1,1,100,0,0
1551175963206,157,楼盘询量,200,OK,楼盘询量 1-1,text,true,,1152,610,1,1,157,0,52
1551175963364,94,楼盘询量,200,OK,楼盘询量 1-1,text,true,,1152,610,1,1,94,0,0
1551175963459,94,楼盘询量,200,OK,楼盘询量 1-1,text,true,,1152,610,1,1,94,0,0
1551175963555,92,楼盘询量,200,OK,楼盘询量 1-1,text,true,,1152,610,1,1,92,0,0
1551175963648,89,楼盘询量,200,OK,楼盘询量 1-1,text,true,,1152,610,1,1,89,0,0
1551175963738,92,楼盘询量,200,OK,楼盘询量 1-1,text,true,,1152,610,1,1,92,0,0
1551175963831,95,楼盘询量,200,OK,楼盘询量 1-1,text,true,,1152,610,1,1,95,0,0
1551175963926,92,楼盘询量,200,OK,楼盘询量 1-1,text,true,,1152,610,1,1,92,0,0
1551175964020,94,楼盘询量,200,OK,楼盘询量 1-1,text,true,,1152,610,1,1,94,0,0
1551175964115,90,楼盘询量,200,OK,楼盘询量 1-1,text,true,,1152,610,1,1,90,0,0
1551175964206,91,楼盘询量,200,OK,楼盘询量 1-1,text,true,,1152,610,1,1,91,0,0
1551175964298,93,楼盘询量,200,OK,楼盘询量 1-1,text,true,,1152,610,1,1,93,0,0
1551175964390,93,楼盘询量,200,OK,楼盘询量 1-1,text,true,,1152,610,1,1,93,0,0
1551175964484,89,楼盘询量,200,OK,楼盘询量 1-1,text,true,,1152,610,1,1,89,0,0
1551175964574,92,楼盘询量,200,OK,楼盘询量 1-1,text,true,,1152,610,1,1,92,0,0
1551175964667,92,楼盘询量,200,OK,楼盘询量 1-1,text,true,,1152,610,1,1,92,0,0
1551175964759,90,楼盘询量,200,OK,楼盘询量 1-1,text,true,,1152,610,1,1,90,0,0
1551175964851,93,楼盘询量,200,OK,楼盘询量 1-1,text,true,,1152,610,1,1,93,0,0
1551175964945,92,楼盘询量,200,OK,楼盘询量 1-1,text,true,,1152,610,1,1,92,0,0
1551175965039,93,楼盘询量,200,OK,楼盘询量 1-1,text,true,,1152,610,1,1,93,0,0
1551175965132,94,楼盘询量,200,OK,楼盘询量 1-1,text,true,,1152,610,1,1,94,0,0
1551175965226,137,楼盘询量,200,OK,楼盘询量 1-1,text,true,,1152,610,1,1,137,0,42
1551175965365,94,楼盘询量,200,OK,楼盘询量 1-1,text,true,,1152,610,1,1,94,0,0
1551175965460,96,楼盘询量,200,OK,楼盘询量 1-1,text,true,,1152,610,1,1,96,0,0
1551175965557,96,楼盘询量,200,OK,楼盘询量 1-1,text,true,,1152,610,1,1,96,0,0
1551175965653,93,楼盘询量,200,OK,楼盘询量 1-1,text,true,,1152,610,1,1,93,0,0
1551175965747,95,楼盘询量,200,OK,楼盘询量 1-1,text,true,,1152,610,1,1,95,0,0
1551175965843,92,楼盘询量,200,OK,楼盘询量 1-1,text,true,,1152,610,1,1,92,0,0
1551175965936,94,楼盘询量,200,OK,楼盘询量 1-1,text,true,,1152,610,1,1,94,0,0
1551175966031,96,楼盘询量,200,OK,楼盘询量 1-1,text,true,,1152,610,1,1,96,0,0
1551175966129,92,楼盘询量,200,OK,楼盘询量 1-1,text,true,,1152,610,1,1,92,0,0
1551175966223,94,楼盘询量,200,OK,楼盘询量 1-1,text,true,,1152,610,1,1,94,0,0
1551175966317,96,楼盘询量,200,OK,楼盘询量 1-1,text,true,,1152,610,1,1,96,0,0
1551175966413,96,楼盘询量,200,OK,楼盘询量 1-1,text,true,,1152,610,1,1,96,0,0
1551175966510,94,楼盘询量,200,OK,楼盘询量 1-1,text,true,,1152,610,1,1,94,0,0
1551175966605,127,楼盘询量,200,OK,楼盘询量 1-1,text,true,,1152,610,1,1,127,0,0
1551175966733,94,楼盘询量,200,OK,楼盘询量 1-1,text,true,,1152,610,1,1,94,0,0
1551175966828,93,楼盘询量,200,OK,楼盘询量 1-1,text,true,,1152,610,1,1,93,0,0
1551175966922,97,楼盘询量,200,OK,楼盘询量 1-1,text,true,,1152,610,1,1,97,0,0
1551175967019,96,楼盘询量,200,OK,楼盘询量 1-1,text,true,,1152,610,1,1,96,0,0
1551175967115,94,楼盘询量,200,OK,楼盘询量 1-1,text,true,,1152,610,1,1,94,0,0
1551175967210,94,楼盘询量,200,OK,楼盘询量 1-1,text,true,,1152,610,1,1,94,0,0
1551175967305,141,楼盘询量,200,OK,楼盘询量 1-1,text,true,,1152,610,1,1,141,0,42
1551175967449,92,楼盘询量,200,OK,楼盘询量 1-1,text,true,,1152,610,1,1,92,0,0
1551175967542,102,楼盘询量,200,OK,楼盘询量 1-1,text,true,,1152,610,1,1,102,0,0
1551175967645,92,楼盘询量,200,OK,楼盘询量 1-1,text,true,,1152,610,1,1,92,0,0
1551175967739,91,楼盘询量,200,OK,楼盘询量 1-1,text,true,,1152,610,1,1,91,0,0
1551175967830,95,楼盘询量,200,OK,楼盘询量 1-1,text,true,,1152,610,1,1,95,0,0
1551175967925,96,楼盘询量,200,OK,楼盘询量 1-1,text,true,,1152,610,1,1,96,0,0
1551175968022,93,楼盘询量,200,OK,楼盘询量 1-1,text,true,,1152,610,1,1,93,0,0
1551175968115,97,楼盘询量,200,OK,楼盘询量 1-1,text,true,,1152,610,1,1,97,0,0
1551175968212,93,楼盘询量,200,OK,楼盘询量 1-1,text,true,,1152,610,1,1,93,0,0
1551175968306,92,楼盘询量,200,OK,楼盘询量 1-1,text,true,,1152,610,1,1,92,0,0
1551175968399,93,楼盘询量,200,OK,楼盘询量 1-1,text,true,,1152,610,1,1,93,0,0
1551175968495,95,楼盘询量,200,OK,楼盘询量 1-1,text,true,,1152,610,1,1,95,0,0
1551175968590,93,楼盘询量,200,OK,楼盘询量 1-1,text,true,,1152,610,1,1,93,0,0
1551175968683,109,楼盘询量,200,OK,楼盘询量 1-1,text,true,,1152,610,1,1,109,0,0
1551175968793,92,楼盘询量,200,OK,楼盘询量 1-1,text,true,,1152,610,1,1,92,0,0
1551175968886,91,楼盘询量,200,OK,楼盘询量 1-1,text,true,,1152,610,1,1,91,0,0
1551175968978,120,楼盘询量,200,OK,楼盘询量 1-1,text,true,,1152,610,1,1,120,0,0
1551175969099,96,楼盘询量,200,OK,楼盘询量 1-1,text,true,,1152,610,1,1,96,0,0
1551175969197,90,楼盘询量,200,OK,楼盘询量 1-1,text,true,,1152,610,1,1,90,0,0
1551175969287,96,楼盘询量,200,OK,楼盘询量 1-1,text,true,,1152,610,1,1,96,0,0
1551175969383,131,楼盘询量,200,OK,楼盘询量 1-1,text,true,,1152,610,1,1,131,0,39
1551175969514,91,楼盘询量,200,OK,楼盘询量 1-1,text,true,,1152,610,1,1,91,0,0
1551175969607,93,楼盘询量,200,OK,楼盘询量 1-1,text,true,,1152,610,1,1,93,0,0
1551175969700,93,楼盘询量,200,OK,楼盘询量 1-1,text,true,,1152,610,1,1,93,0,0
1551175969793,104,楼盘询量,200,OK,楼盘询量 1-1,text,true,,1152,610,1,1,104,0,0
1551175969898,106,楼盘询量,200,OK,楼盘询量 1-1,text,true,,1152,610,1,1,106,0,0
1551175970005,90,楼盘询量,200,OK,楼盘询量 1-1,text,true,,1152,610,1,1,90,0,0
1551175970096,91,楼盘询量,200,OK,楼盘询量 1-1,text,true,,1152,610,1,1,91,0,0
1551175970188,94,楼盘询量,200,OK,楼盘询量 1-1,text,true,,1152,610,1,1,94,0,0
1551175970283,93,楼盘询量,200,OK,楼盘询量 1-1,text,true,,1152,610,1,1,93,0,0
1551175970378,93,楼盘询量,200,OK,楼盘询量 1-1,text,true,,1152,610,1,1,93,0,0
1551175970471,94,楼盘询量,200,OK,楼盘询量 1-1,text,true,,1152,610,1,1,94,0,0
1551175970565,92,楼盘询量,200,OK,楼盘询量 1-1,text,true,,1152,610,1,1,92,0,0
1551175970658,89,楼盘询量,200,OK,楼盘询量 1-1,text,true,,1152,610,1,1,89,0,0
1551175970748,93,楼盘询量,200,OK,楼盘询量 1-1,text,true,,1152,610,1,1,93,0,0
1551175970843,92,楼盘询量,200,OK,楼盘询量 1-1,text,true,,1152,610,1,1,92,0,0
1551175970935,94,楼盘询量,200,OK,楼盘询量 1-1,text,true,,1152,610,1,1,94,0,0
1551175971030,114,楼盘询量,200,OK,楼盘询量 1-1,text,true,,1152,610,1,1,114,0,0
1551175971144,93,楼盘询量,200,OK,楼盘询量 1-1,text,true,,1152,610,1,1,93,0,0
1551175971238,109,楼盘询量,200,OK,楼盘询量 1-1,text,true,,1152,610,1,1,109,0,0
1551175971348,96,楼盘询量,200,OK,楼盘询量 1-1,text,true,,1152,610,1,1,96,0,0
1551175971444,141,楼盘询量,200,OK,楼盘询量 1-1,text,true,,1152,610,1,1,141,0,42
1551175971586,93,楼盘询量,200,OK,楼盘询量 1-1,text,true,,1152,610,1,1,93,0,0
1551175971680,96,楼盘询量,200,OK,楼盘询量 1-1,text,true,,1152,610,1,1,96,0,0
1551175971776,94,楼盘询量,200,OK,楼盘询量 1-1,text,true,,1152,610,1,1,94,0,0
1551175971870,93,楼盘询量,200,OK,楼盘询量 1-1,text,true,,1152,610,1,1,93,0,0
1551175971964,96,楼盘询量,200,OK,楼盘询量 1-1,text,true,,1152,610,1,1,96,0,0
1551175972061,93,楼盘询量,200,OK,楼盘询量 1-1,text,true,,1152,610,1,1,93,0,0
1551175972155,93,楼盘询量,200,OK,楼盘询量 1-1,text,true,,1152,610,1,1,93,0,0
1551175972249,94,楼盘询量,200,OK,楼盘询量 1-1,text,true,,1152,610,1,1,94,0,0
1551175972344,95,楼盘询量,200,OK,楼盘询量 1-1,text,true,,1152,610,1,1,95,0,0
1551175972440,95,楼盘询量,200,OK,楼盘询量 1-1,text,true,,1152,610,1,1,95,0,0
1551175972536,94,楼盘询量,200,OK,楼盘询量 1-1,text,true,,1152,610,1,1,94,0,0
1551175972630,95,楼盘询量,200,OK,楼盘询量 1-1,text,true,,1152,610,1,1,95,0,0
1551175972725,92,楼盘询量,200,OK,楼盘询量 1-1,text,true,,1152,610,1,1,92,0,0
1551175972818,95,楼盘询量,200,OK,楼盘询量 1-1,text,true,,1152,610,1,1,95,0,0
1551175972913,94,楼盘询量,200,OK,楼盘询量 1-1,text,true,,1152,610,1,1,94,0,0
1551175973008,97,楼盘询量,200,OK,楼盘询量 1-1,text,true,,1152,610,1,1,97,0,0
1551175973106,92,楼盘询量,200,OK,楼盘询量 1-1,text,true,,1152,610,1,1,92,0,0
1551175973199,97,楼盘询量,200,OK,楼盘询量 1-1,text,true,,1152,610,1,1,97,0,0
1551175973296,92,楼盘询量,200,OK,楼盘询量 1-1,text,true,,1152,610,1,1,92,0,0
1551175973389,93,楼盘询量,200,OK,楼盘询量 1-1,text,true,,1152,610,1,1,93,0,0
1551175973483,133,楼盘询量,200,OK,楼盘询量 1-1,text,true,,1152,610,1,1,133,0,40
1551175973617,90,楼盘询量,200,OK,楼盘询量 1-1,text,true,,1152,610,1,1,90,0,0
1551175973708,94,楼盘询量,200,OK,楼盘询量 1-1,text,true,,1152,610,1,1,94,0,0
1551175973803,94,楼盘询量,200,OK,楼盘询量 1-1,text,true,,1152,610,1,1,94,0,0
1551175973897,91,楼盘询量,200,OK,楼盘询量 1-1,text,true,,1152,610,1,1,91,0,0
1551175973988,97,楼盘询量,200,OK,楼盘询量 1-1,text,true,,1152,610,1,1,97,0,0
1551175974090,92,楼盘询量,200,OK,楼盘询量 1-1,text,true,,1152,610,1,1,92,0,0
1551175974184,94,楼盘询量,200,OK,楼盘询量 1-1,text,true,,1152,610,1,1,94,0,0
1551175974279,94,楼盘询量,200,OK,楼盘询量 1-1,text,true,,1152,610,1,1,94,0,0
1551175974376,93,楼盘询量,200,OK,楼盘询量 1-1,text,true,,1152,610,1,1,93,0,0
1551175974469,90,楼盘询量,200,OK,楼盘询量 1-1,text,true,,1152,610,1,1,90,0,0
1551175974560,102,楼盘询量,200,OK,楼盘询量 1-1,text,true,,1152,610,1,1,102,0,0
1551175974662,96,楼盘询量,200,OK,楼盘询量 1-1,text,true,,1152,610,1,1,96,0,0
1551175974759,93,楼盘询量,200,OK,楼盘询量 1-1,text,true,,1152,610,1,1,93,0,0
1551175974853,94,楼盘询量,200,OK,楼盘询量 1-1,text,true,,1152,610,1,1,94,0,0
1551175974949,94,楼盘询量,200,OK,楼盘询量 1-1,text,true,,1152,610,1,1,94,0,0
1551175975043,97,楼盘询量,200,OK,楼盘询量 1-1,text,true,,1152,610,1,1,97,0,0
1551175975141,93,楼盘询量,200,OK,楼盘询量 1-1,text,true,,1152,610,1,1,93,0,0
1551175975235,92,楼盘询量,200,OK,楼盘询量 1-1,text,true,,1152,610,1,1,92,0,0
1551175975329,94,楼盘询量,200,OK,楼盘询量 1-1,text,true,,1152,610,1,1,94,0,0
1551175975424,92,楼盘询量,200,OK,楼盘询量 1-1,text,true,,1152,610,1,1,92,0,0
1551175975517,135,楼盘询量,200,OK,楼盘询量 1-1,text,true,,1152,610,1,1,135,0,39
1551175975652,94,楼盘询量,200,OK,楼盘询量 1-1,text,true,,1152,610,1,1,94,0,0
1551175975746,92,楼盘询量,200,OK,楼盘询量 1-1,text,true,,1152,610,1,1,92,0,0
1551175975838,94,楼盘询量,200,OK,楼盘询量 1-1,text,true,,1152,610,1,1,94,0,0
1551175975933,91,楼盘询量,200,OK,楼盘询量 1-1,text,true,,1152,610,1,1,91,0,0
1551175976025,96,楼盘询量,200,OK,楼盘询量 1-1,text,true,,1152,610,1,1,96,0,0
1551175976122,96,楼盘询量,200,OK,楼盘询量 1-1,text,true,,1152,610,1,1,96,0,0
1551175976218,95,楼盘询量,200,OK,楼盘询量 1-1,text,true,,1152,610,1,1,95,0,0
1551175976314,133,楼盘询量,200,OK,楼盘询量 1-1,text,true,,1152,610,1,1,133,0,0
1551175976447,96,楼盘询量,200,OK,楼盘询量 1-1,text,true,,1152,610,1,1,96,0,0
1551175976543,90,楼盘询量,200,OK,楼盘询量 1-1,text,true,,1152,610,1,1,90,0,0
1551175976634,95,楼盘询量,200,OK,楼盘询量 1-1,text,true,,1152,610,1,1,95,0,0
1551175976730,98,楼盘询量,200,OK,楼盘询量 1-1,text,true,,1152,610,1,1,98,0,0
1551175976828,94,楼盘询量,200,OK,楼盘询量 1-1,text,true,,1152,610,1,1,94,0,0
1551175976922,92,楼盘询量,200,OK,楼盘询量 1-1,text,true,,1152,610,1,1,92,0,0
1551175977014,93,楼盘询量,200,OK,楼盘询量 1-1,text,true,,1152,610,1,1,93,0,0
1551175977107,95,楼盘询量,200,OK,楼盘询量 1-1,text,true,,1152,610,1,1,95,0,0
1551175977203,94,楼盘询量,200,OK,楼盘询量 1-1,text,true,,1152,610,1,1,94,0,0
1551175977298,94,楼盘询量,200,OK,楼盘询量 1-1,text,true,,1152,610,1,1,94,0,0
1551175977393,90,楼盘询量,200,OK,楼盘询量 1-1,text,true,,1152,610,1,1,90,0,0
1551175977483,92,楼盘询量,200,OK,楼盘询量 1-1,text,true,,1152,610,1,1,92,0,0
1551175977576,136,楼盘询量,200,OK,楼盘询量 1-1,text,true,,1152,610,1,1,136,0,41
1551175977712,94,楼盘询量,200,OK,楼盘询量 1-1,text,true,,1152,610,1,1,94,0,0
1551175977807,96,楼盘询量,200,OK,楼盘询量 1-1,text,true,,1152,610,1,1,96,0,0
1551175977904,94,楼盘询量,200,OK,楼盘询量 1-1,text,true,,1152,610,1,1,94,0,0
1551175977999,91,楼盘询量,200,OK,楼盘询量 1-1,text,true,,1152,610,1,1,91,0,0
1551175978100,95,楼盘询量,200,OK,楼盘询量 1-1,text,true,,1152,610,1,1,95,0,0
1551175978196,95,楼盘询量,200,OK,楼盘询量 1-1,text,true,,1152,610,1,1,95,0,0
1551175978291,97,楼盘询量,200,OK,楼盘询量 1-1,text,true,,1152,610,1,1,97,0,0
1551175978389,102,楼盘询量,200,OK,楼盘询量 1-1,text,true,,1152,610,1,1,102,0,0
1551175978491,94,楼盘询量,200,OK,楼盘询量 1-1,text,true,,1152,610,1,1,94,0,0
1551175978587,95,楼盘询量,200,OK,楼盘询量 1-1,text,true,,1152,610,1,1,95,0,0
1551175978682,120,楼盘询量,200,OK,楼盘询量 1-1,text,true,,1152,610,1,1,120,0,0
1551175978803,94,楼盘询量,200,OK,楼盘询量 1-1,text,true,,1152,610,1,1,94,0,0
1551175978897,91,楼盘询量,200,OK,楼盘询量 1-1,text,true,,1152,610,1,1,91,0,0
1551175978989,92,楼盘询量,200,OK,楼盘询量 1-1,text,true,,1152,610,1,1,92,0,0
1551175979082,93,楼盘询量,200,OK,楼盘询量 1-1,text,true,,1152,610,1,1,93,0,0
1551175979176,91,楼盘询量,200,OK,楼盘询量 1-1,text,true,,1152,610,1,1,91,0,0
1551175979269,96,楼盘询量,200,OK,楼盘询量 1-1,text,true,,1152,610,1,1,96,0,0
1551175979365,98,楼盘询量,200,OK,楼盘询量 1-1,text,true,,1152,610,1,1,98,0,0
1551175979463,93,楼盘询量,200,OK,楼盘询量 1-1,text,true,,1152,610,1,1,93,0,0
1551175979558,99,楼盘询量,200,OK,楼盘询量 1-1,text,true,,1152,610,1,1,99,0,0
1551175979658,153,楼盘询量,200,OK,楼盘询量 1-1,text,true,,1152,610,1,1,153,0,41
1551175979811,97,楼盘询量,200,OK,楼盘询量 1-1,text,true,,1152,610,1,1,97,0,0
1551175979909,103,楼盘询量,200,OK,楼盘询量 1-1,text,true,,1152,610,1,1,103,0,0
1551175980013,97,楼盘询量,200,OK,楼盘询量 1-1,text,true,,1152,610,1,1,97,0,0
1551175980111,91,楼盘询量,200,OK,楼盘询量 1-1,text,true,,1152,610,1,1,91,0,0
1551175980203,95,楼盘询量,200,OK,楼盘询量 1-1,text,true,,1152,610,1,1,95,0,0
1551175980299,94,楼盘询量,200,OK,楼盘询量 1-1,text,true,,1152,610,1,1,94,0,0
1551175980395,93,楼盘询量,200,OK,楼盘询量 1-1,text,true,,1152,610,1,1,93,0,0
1551175980489,93,楼盘询量,200,OK,楼盘询量 1-1,text,true,,1152,610,1,1,93,0,0
1551175980583,96,楼盘询量,200,OK,楼盘询量 1-1,text,true,,1152,610,1,1,96,0,0
1551175980680,94,楼盘询量,200,OK,楼盘询量 1-1,text,true,,1152,610,1,1,94,0,0
1551175980774,98,楼盘询量,200,OK,楼盘询量 1-1,text,true,,1152,610,1,1,98,0,0
1551175980873,98,楼盘询量,200,OK,楼盘询量 1-1,text,true,,1152,610,1,1,98,0,0
1551175980972,92,楼盘询量,200,OK,楼盘询量 1-1,text,true,,1152,610,1,1,92,0,0
1551175981065,96,楼盘询量,200,OK,楼盘询量 1-1,text,true,,1152,610,1,1,96,0,0
1551175981162,95,楼盘询量,200,OK,楼盘询量 1-1,text,true,,1152,610,1,1,95,0,0
1551175981258,96,楼盘询量,200,OK,楼盘询量 1-1,text,true,,1152,610,1,1,96,0,0
1551175981355,97,楼盘询量,200,OK,楼盘询量 1-1,text,true,,1152,610,1,1,97,0,0
1551175981453,92,楼盘询量,200,OK,楼盘询量 1-1,text,true,,1152,610,1,1,92,0,0
1551175981546,97,楼盘询量,200,OK,楼盘询量 1-1,text,true,,1152,610,1,1,97,0,0
1551175981643,103,楼盘询量,200,OK,楼盘询量 1-1,text,true,,1152,610,1,1,103,0,0
1551175981746,142,楼盘询量,200,OK,楼盘询量 1-1,text,true,,1152,610,1,1,142,0,41
1551175981890,96,楼盘询量,200,OK,楼盘询量 1-1,text,true,,1152,610,1,1,96,0,0
1551175981986,108,楼盘询量,200,OK,楼盘询量 1-1,text,true,,1152,610,1,1,108,0,0
1551175982103,103,楼盘询量,200,OK,楼盘询量 1-1,text,true,,1152,610,1,1,103,0,0
1551175982207,96,楼盘询量,200,OK,楼盘询量 1-1,text,true,,1152,610,1,1,96,0,0
1551175982303,95,楼盘询量,200,OK,楼盘询量 1-1,text,true,,1152,610,1,1,95,0,0
1551175982398,95,楼盘询量,200,OK,楼盘询量 1-1,text,true,,1152,610,1,1,95,0,0
1551175982494,104,楼盘询量,200,OK,楼盘询量 1-1,text,true,,1152,610,1,1,104,0,0
1551175982604,96,楼盘询量,200,OK,楼盘询量 1-1,text,true,,1152,610,1,1,96,0,0
1551175982701,100,楼盘询量,200,OK,楼盘询量 1-1,text,true,,1152,610,1,1,100,0,0
1551175982801,100,楼盘询量,200,OK,楼盘询量 1-1,text,true,,1152,610,1,1,100,0,0
1551175982902,97,楼盘询量,200,OK,楼盘询量 1-1,text,true,,1152,610,1,1,97,0,0
